intent,web_ref,title,price,suburb,city,property_type,beds,baths,availability,deposit,lease_period,address,agent,phones,whatsapp_links,exclude_tags,url
rent,AP24087,4 Bedroom House To Let in Waterkloof Ridge,"R25,000 pm",Waterkloof Ridge,Pretoria,House,4,3,01 May 2026,"R25,000",12 months,,Vivienne Doeg,082 301 6767; 012 348 0123,[082 301 6767](https://wa.me/27823016767),,https://www.appleproperty.co.za/results/residential/to-let/pretoria/waterkloof-ridge/house/3148429/
rent,AP22839,2 Bedroom House To Let in Waterkloof,"R26,000 pm",Waterkloof,Pretoria,House,2,2,01 Jun 2026,,12 months,,Vivienne Doeg,082 301 6767; 012 348 0123,[082 301 6767](https://wa.me/27823016767),,https://www.appleproperty.co.za/results/residential/to-let/pretoria/waterkloof/house/2263866/
rent,AP10846,1 Bedroom Apartment To Let in Hatfield,"R8,000 pm",Hatfield,Pretoria,Apartment,1,1,Immediately,"R8,000",12 months,"0512 Duncan Court, 1226 Park Street, Hatfield, Pretoria",Rita Fitzgerald,083 228 9633; 012 348 0123,[083 228 9633](https://wa.me/27832289633),,https://www.appleproperty.co.za/results/residential/to-let/pretoria/hatfield/apartment/858089/0512-duncan-court-1226-park-street/
rent,AP19344,2 Bedroom Apartment To Let in Hatfield,"R10,300 pm",Hatfield,Pretoria,Apartment,2,2,Immediately,"R10,300",12 months,"0310 Duncan Court, 1236 Park Street, Hatfield, Pretoria",Rita Fitzgerald,083 228 9633; 012 348 0123,[083 228 9633](https://wa.me/27832289633),,https://www.appleproperty.co.za/results/residential/to-let/pretoria/hatfield/apartment/858250/0310-duncan-court-1236-park-street/
rent,AP24052,"85,620m2 Smallholding To Let in Mooiplaats AH","R54,900 pm",Mooiplaats Ah,Pretoria,Smallholding,3,1.5,Negotiable,"R65,000",12 months,"1205 Rooireier str, Mooiplaats AH, Pretoria",Koos Smit,082 555 4776; 012 348 0123,[082 555 4776](https://wa.me/27825554776),,https://www.appleproperty.co.za/results/residential/to-let/pretoria/mooiplaats-ah/smallholding/3136080/1205-rooireier-str/
rent,AP21033,1 Bedroom Apartment To Let in Hatfield,"R8,000 pm",Hatfield,Pretoria,Apartment,1,1,Immediately,"R8,000",12 months,"C008 Duncan Court, 1226 Park STreet, Hatfield, Pretoria",Rita Fitzgerald,083 228 9633; 012 348 0123,[083 228 9633](https://wa.me/27832289633),,https://www.appleproperty.co.za/results/residential/to-let/pretoria/hatfield/apartment/1079187/c008-duncan-court-1226-park-street/
rent,AP18116,2 Bedroom Apartment To Let in Brooklyn,"R19,000 pm",Brooklyn,Pretoria,Apartment,2,2,01 Feb 2025,"R19,000",12 months,,Vivienne Doeg,082 301 6767; 012 348 0123,[082 301 6767](https://wa.me/27823016767),,https://www.appleproperty.co.za/results/residential/to-let/pretoria/brooklyn/apartment/845590/
rent,AP20910,5 Bedroom Freestanding To Let in Cornwall Hill,"R55,000 pm",Cornwall Hill,Centurion,Freestanding,5,4.5,01 Jun 2026,"R55,000",12 months,,Melanie Burrell,082 653 5568; 012 940 0099,[082 653 5568](https://wa.me/27826535568),,https://www.appleproperty.co.za/results/residential/to-let/centurion/cornwall-hill/freestanding/1046890/
rent,AP24023,2 Bedroom Apartment To Let in Waterkloof Ridge,"R13,000 pm",Waterkloof Ridge,Pretoria,Apartment,2,2,Immediately,"R13,000",12 months,,Vivienne Doeg,082 301 6767; 012 348 0123,[082 301 6767](https://wa.me/27823016767),retirement,https://www.appleproperty.co.za/results/residential/to-let/pretoria/waterkloof-ridge/apartment/3119658/
rent,AP23648,2 Bedroom Apartment To Let in Brooklyn,"R14,000 pm",Brooklyn,Pretoria,Apartment,2,2,Immediately,"R14,000",12 months,,Sandy Lunt,0823222322; 012 348 0123,[0823222322](https://wa.me/27823222322),,https://www.appleproperty.co.za/results/residential/to-let/pretoria/brooklyn/apartment/2947424/
rent,AP24005,2 Bedroom Apartment To Let in Menlyn,"R24,500 pm",Menlyn,Pretoria,Apartment,2,1,Immediately,,12 months,,Andre Sciocatti,082 930 7386; 012 348 0123,[082 930 7386](https://wa.me/27829307386),,https://www.appleproperty.co.za/results/residential/to-let/pretoria/menlyn/apartment/3113979/
rent,AP24030,1 Bedroom Garden Cottage To Let in Monument Park,"R9,000 pm",Monument Park,Pretoria,Garden Cottage,1,1,Immediately,"R9,000",12 months,,Rina Verryne,083 269 0085; 012 348 0123,[083 269 0085](https://wa.me/27832690085),,https://www.appleproperty.co.za/results/residential/to-let/pretoria/monument-park/garden-cottage/3124412/
rent,AP22654,2 Bedroom Retirement Unit To Let in Equestria,"R7,700 pm",Equestria,Pretoria,Retirement Unit,2,1,Immediately,"R7,700",12 months,,Hannelize Wilken,084 580 8700; 012 348 0123,[084 580 8700](https://wa.me/27845808700),retirement; assisted-living,https://www.appleproperty.co.za/results/residential/to-let/pretoria/equestria/retirement-unit/1846790/
rent,AP23824,3 Bedroom Apartment To Let in Waterkloof,"R23,000 pm",Waterkloof,Pretoria,Apartment,3,2,01 Feb 2026,,12 months,,Vivienne Doeg,082 301 6767; 012 348 0123,[082 301 6767](https://wa.me/27823016767),,https://www.appleproperty.co.za/results/residential/to-let/pretoria/waterkloof/apartment/3023496/
rent,AP23995,2 Bedroom Apartment To Let in Menlo Park,"R21,500 pm",Menlo Park,Pretoria,Apartment,2,2,01 Apr 2026,"R21,500",12 months,,Vivienne Doeg,082 301 6767; 012 348 0123,[082 301 6767](https://wa.me/27823016767),,https://www.appleproperty.co.za/results/residential/to-let/pretoria/menlo-park/apartment/3106706/
rent,AP19614,3 Bedroom Townhouse To Let in Menlo Park,"R38,000 pm",Menlo Park,Pretoria,Townhouse,3,2,01 May 2026,,12 months,,Vivienne Doeg,082 301 6767; 012 348 0123,[082 301 6767](https://wa.me/27823016767),,https://www.appleproperty.co.za/results/residential/to-let/pretoria/menlo-park/townhouse/854261/
rent,AP20367,2 Bedroom Apartment To Let in Menlo Park,"R15,450 pm",Menlo Park,Pretoria,Apartment,2,2,01 Apr 2024,"R15,450",12 months,,Andre Sciocatti,082 930 7386; 012 348 0123,[082 930 7386](https://wa.me/27829307386),,https://www.appleproperty.co.za/results/residential/to-let/pretoria/menlo-park/apartment/867021/
rent,AP23971,4 Bedroom House To Let in Waterkloof,"R48,000 pm",Waterkloof,Pretoria,House,4,4,Immediately,,12 months,,Vivienne Doeg,082 301 6767; 012 348 0123,[082 301 6767](https://wa.me/27823016767),,https://www.appleproperty.co.za/results/residential/to-let/pretoria/waterkloof/house/3088309/
rent,AP21744,9 Bedroom Freestanding To Let in Lynnwood Ridge,"R60,000 pm",Lynnwood Ridge,Pretoria,Freestanding,9,9.5,Immediately,"R80,000",12 months,,Este Moolman,083 268 0736; 012 348 0123,[083 268 0736](https://wa.me/27832680736),,https://www.appleproperty.co.za/results/residential/to-let/pretoria/lynnwood-ridge/freestanding/1333176/
rent,AP23620,3 Bedroom House To Let in Waterkloof,"R32,000 pm",Waterkloof,Pretoria,House,3,2,Immediately,"R32,000",12 months,,Vivienne Doeg,082 301 6767; 012 348 0123,[082 301 6767](https://wa.me/27823016767),,https://www.appleproperty.co.za/results/residential/to-let/pretoria/waterkloof/house/2931129/
rent,AP23962,4 Bedroom House To Let in Waterkloof,"R40,000 pm",Waterkloof,Pretoria,House,4,3,01 May 2026,"R40,000",12 months,,Vivienne Doeg,082 301 6767; 012 348 0123,[082 301 6767](https://wa.me/27823016767),,https://www.appleproperty.co.za/results/residential/to-let/pretoria/waterkloof/house/3084413/
rent,AP24031,2 Bedroom Flat To Let in Monument Park,"R9,500 pm",Monument Park,Pretoria,Flat,2,1,Immediately,"R9,500",12 months,,Rina Verryne,083 269 0085; 012 348 0123,[083 269 0085](https://wa.me/27832690085),,https://www.appleproperty.co.za/results/residential/to-let/pretoria/monument-park/flat/3124429/
rent,AP13388,2 Bedroom Apartment To Let in Hatfield,"R10,000 pm",Hatfield,Pretoria,Apartment,2,2,01 Jan 2026,"R10,000",12 months,,Rita Fitzgerald,083 228 9633; 012 348 0123,[083 228 9633](https://wa.me/27832289633),,https://www.appleproperty.co.za/results/residential/to-let/pretoria/hatfield/apartment/844259/
rent,AP21804,2 Bedroom Townhouse Rented in Mooikloof Ridge,"R8,500 pm",Mooikloof Ridge,Pretoria,Townhouse,2,1,01 Jun 2026,"R9,000",12 months,,Liezl Janse Van Rensburg,084 851 0492; 012 348 0123,[084 851 0492](https://wa.me/27848510492),rented,https://www.appleproperty.co.za/results/residential/to-let/pretoria/mooikloof-ridge/townhouse/1357868/
rent,AP24056,2 Bedroom House To Let in Waterkloof,"R11,500 pm",Waterkloof,Pretoria,House,2,2,01 May 2026,,12 months,,Vivienne Doeg,082 301 6767; 012 348 0123,[082 301 6767](https://wa.me/27823016767),,https://www.appleproperty.co.za/results/residential/to-let/pretoria/waterkloof/house/3138361/
rent,AP24140,2 Bedroom Apartment To Let in Waterkloof,"R13,000 pm",Waterkloof,Pretoria,Apartment,2,2,01 Jun 2026,,12 months,,Bronwyn Doeg,060 651 5373; 012 348 0123,[060 651 5373](https://wa.me/27606515373),,https://www.appleproperty.co.za/results/residential/to-let/pretoria/waterkloof/apartment/3175855/
rent,AP20741,2 Bedroom Apartment To Let in Olympus AH,"R10,800 pm",Olympus Ah,Pretoria,Apartment,2,1,01 Jun 2025,"R10,800",12 months,,Liezl Janse Van Rensburg,084 851 0492; 012 348 0123,[084 851 0492](https://wa.me/27848510492),,https://www.appleproperty.co.za/results/residential/to-let/pretoria/olympus-ah/apartment/988930/
rent,AP4480,2 Bedroom Apartment To Let in Hatfield,"R10,000 pm",Hatfield,Pretoria,Apartment,2,2,01 Jan 2026,"R10,000",12 months,,Rita Fitzgerald,083 228 9633; 012 348 0123,[083 228 9633](https://wa.me/27832289633),,https://www.appleproperty.co.za/results/residential/to-let/pretoria/hatfield/apartment/844491/
rent,AP23987,3 Bedroom Townhouse To Let in Six Fountains Residential Estate,"R20,000 pm",Six Fountains Residential Estate,Pretoria,Townhouse,3,2,Immediately,"R20,000",24 months,,,072 440 1788; 012 348 0123,[072 440 1788](https://wa.me/27724401788),,https://www.appleproperty.co.za/results/residential/to-let/pretoria/six-fountains-residential-estate/townhouse/3104106/
rent,AP23951,2 Bedroom House To Let in Monument Park,"R17,000 pm",Monument Park,Pretoria,House,2,2,01 Mar 2026,,12 months,,Vivienne Doeg,082 301 6767; 012 348 0123,[082 301 6767](https://wa.me/27823016767),,https://www.appleproperty.co.za/results/residential/to-let/pretoria/monument-park/house/3081119/
rent,AP21209,2 Bedroom Apartment To Let in Hatfield,"R9,000 pm",Hatfield,Pretoria,Apartment,2,2,Immediately,"R10,000",12 months,,Rita Fitzgerald,083 228 9633; 012 348 0123,[083 228 9633](https://wa.me/27832289633),,https://www.appleproperty.co.za/results/residential/to-let/pretoria/hatfield/apartment/1153590/
rent,AP23853,3 Bedroom Freehold To Let in Monument Park,"R35,000 pm",Monument Park,Pretoria,Freehold,3,3.5,Immediately,"R35,000",12 months,,Rina Verryne,083 269 0085; 012 348 0123,[083 269 0085](https://wa.me/27832690085),,https://www.appleproperty.co.za/results/residential/to-let/pretoria/monument-park/freehold/3030626/
rent,AP24012,4 Bedroom Freestanding To Let in Monument Park,"R30,000 pm",Monument Park,Pretoria,Freestanding,4,3,01 May 2026,,12 months,,Vivienne Doeg,082 301 6767; 012 348 0123,[082 301 6767](https://wa.me/27823016767),,https://www.appleproperty.co.za/results/residential/to-let/pretoria/monument-park/freestanding/3116957/
rent,AP23241,2 Bedroom Apartment To Let in Menlyn,"R45,000 pm",Menlyn,Pretoria,Apartment,2,2,Immediately,,12 months,,Andre Sciocatti,082 930 7386; 012 348 0123,[082 930 7386](https://wa.me/27829307386),,https://www.appleproperty.co.za/results/residential/to-let/pretoria/menlyn/apartment/2608245/
rent,AP24145,4 Bedroom House To Let in Monument Park,"R25,000 pm",Monument Park,Pretoria,House,4,2.5,Immediately,,12 months,,Vivienne Doeg,082 301 6767; 012 348 0123,[082 301 6767](https://wa.me/27823016767),,https://www.appleproperty.co.za/results/residential/to-let/pretoria/monument-park/house/3177560/
rent,AP8911,2 Bedroom Apartment To Let in Hatfield,"R10,000 pm",Hatfield,Pretoria,Apartment,2,2,01 Jan 2026,"R10,000",12 months,,Rita Fitzgerald,083 228 9633; 012 348 0123,[083 228 9633](https://wa.me/27832289633),,https://www.appleproperty.co.za/results/residential/to-let/pretoria/hatfield/apartment/844681/
rent,AP21778,3 Bedroom Townhouse To Let in Waterkloof Ridge,"R20,000 pm",Waterkloof Ridge,Pretoria,Townhouse,3,2.5,Immediately,"R21,000",12 months,,Rina Verryne,083 269 0085; 012 348 0123,[083 269 0085](https://wa.me/27832690085),,https://www.appleproperty.co.za/results/residential/to-let/pretoria/waterkloof-ridge/townhouse/1353718/
rent,AP23655,4 Bedroom House To Let in Waterkloof Ridge,"R28,000 pm",Waterkloof Ridge,Pretoria,House,4,3,01 Nov 2025,,12 months,,Vivienne Doeg,082 301 6767; 012 348 0123,[082 301 6767](https://wa.me/27823016767),,https://www.appleproperty.co.za/results/residential/to-let/pretoria/waterkloof-ridge/house/2950103/
rent,AP21762,3 Bedroom Townhouse To Let in Menlo Park,"R34,000 pm",Menlo Park,Pretoria,Townhouse,3,2,Immediately,"R34,000",12 months,,Vivienne Doeg,082 301 6767; 012 348 0123,[082 301 6767](https://wa.me/27823016767),,https://www.appleproperty.co.za/results/residential/to-let/pretoria/menlo-park/townhouse/1339974/
rent,AP24133,3 Bedroom House To Let in Waterkloof,"R20,000 pm",Waterkloof,Pretoria,House,3,2,Immediately,,12 months,,Bronwyn Doeg,060 651 5373; 012 348 0123,[060 651 5373](https://wa.me/27606515373),,https://www.appleproperty.co.za/results/residential/to-let/pretoria/waterkloof/house/3170079/
rent,AP21733,2 Bedroom Flat To Let in Moreleta Park,"R7,800 pm",Moreleta Park,Pretoria,Flat,2,1,01 Jun 2026,"R7,800",12 months,,Liezl Janse Van Rensburg,084 851 0492; 012 348 0123,[084 851 0492](https://wa.me/27848510492),,https://www.appleproperty.co.za/results/residential/to-let/pretoria/moreleta-park/flat/1330532/
rent,AP17033,2 Bedroom Apartment To Let in Menlyn,"R29,500 pm",Menlyn,Pretoria,Apartment,2,2,Immediately,,24 months,,Andre Sciocatti,082 930 7386; 012 348 0123,[082 930 7386](https://wa.me/27829307386),,https://www.appleproperty.co.za/results/residential/to-let/pretoria/menlyn/apartment/844818/
rent,AP17556,3 Bedroom Apartment To Let in Fish Hoek,"R27,500 pm",Fish Hoek,Fish Hoek,Apartment,3,1,Immediately,"R44,000",12 months,,Lara Martin,083 399 9414; 012 348 0123,[083 399 9414](https://wa.me/27833999414),,https://www.appleproperty.co.za/results/residential/to-let/fish-hoek/fish-hoek/apartment/850161/
rent,AP10943,1 Bedroom Apartment To Let in Hatfield,"R8,000 pm",Hatfield,Pretoria,Apartment,1,1,Immediately,"R8,000",12 months,,Rita Fitzgerald,083 228 9633; 012 348 0123,[083 228 9633](https://wa.me/27832289633),,https://www.appleproperty.co.za/results/residential/to-let/pretoria/hatfield/apartment/848570/
rent,AP23578,3 Bedroom Apartment Block To Let in Hazelwood,"R25,000 pm",Hazelwood,Pretoria,Apartment Block,3,3,01 Nov 2025,"R25,000",12 months,,Vivienne Doeg,082 301 6767; 012 348 0123,[082 301 6767](https://wa.me/27823016767),,https://www.appleproperty.co.za/results/residential/to-let/pretoria/hazelwood/apartment-block/2921562/
rent,AP23827,2 Bedroom Cluster To Let in Menlo Park,"R34,000 pm",Menlo Park,Pretoria,Cluster,2,2.5,01 Jun 2026,,12 months,,Vivienne Doeg,082 301 6767; 012 348 0123,[082 301 6767](https://wa.me/27823016767),,https://www.appleproperty.co.za/results/residential/to-let/pretoria/menlo-park/cluster/3023909/
rent,AP14230,1 Bedroom Apartment To Let in Menlo Park,"R11,300 pm",Menlo Park,Pretoria,Apartment,1,1,01 May 2026,,12 months,,Vivienne Doeg,082 301 6767; 012 348 0123,[082 301 6767](https://wa.me/27823016767),,https://www.appleproperty.co.za/results/residential/to-let/pretoria/menlo-park/apartment/857831/
rent,AP17545,1 Bedroom Garden Cottage To Let in Faerie Glen,"R7,500 pm",Faerie Glen,Pretoria,Garden Cottage,1,1,01 Apr 2026,"R7,500",Negotiable,"100 Vermont st, Faerie Glen, Pretoria",Rita Fitzgerald,083 228 9633; 012 348 0123,[083 228 9633](https://wa.me/27832289633),,https://www.appleproperty.co.za/results/residential/to-let/pretoria/faerie-glen/garden-cottage/846536/100-vermont-st/
rent,AP24143,1 Bedroom House To Let in Brooklyn,"R10,000 pm",Brooklyn,Pretoria,House,1,1,Immediately,"R10,000",12 months,,Bronwyn Doeg,060 651 5373; 012 348 0123,[060 651 5373](https://wa.me/27606515373),,https://www.appleproperty.co.za/results/residential/to-let/pretoria/brooklyn/house/3177181/
rent,AP24093,4 Bedroom House To Let in Waterkloof,"R30,000 pm",Waterkloof,Pretoria,House,4,3,01 May 2026,"R30,000",12 months,,Vivienne Doeg,082 301 6767; 012 348 0123,[082 301 6767](https://wa.me/27823016767),,https://www.appleproperty.co.za/results/residential/to-let/pretoria/waterkloof/house/3150995/
rent,AP23377,3 Bedroom Gated Estate To Let in Waterkloof Ridge,"R46,000 pm",Waterkloof Ridge,Pretoria,Gated Estate,3,3,01 Sep 2025,"R48,000",12 months,,Vivienne Doeg,082 301 6767; 012 348 0123,[082 301 6767](https://wa.me/27823016767),,https://www.appleproperty.co.za/results/residential/to-let/pretoria/waterkloof-ridge/gated-estate/2785559/
rent,AP24151,3 Bedroom Townhouse To Let in Lynnwood Ridge,"R14,990 pm",Lynnwood Ridge,Pretoria,Townhouse,3,2,01 Jun 2026,"R14,990",12 months,,Hannelize Wilken,084 580 8700; 012 348 0123,[084 580 8700](https://wa.me/27845808700),,https://www.appleproperty.co.za/results/residential/to-let/pretoria/lynnwood-ridge/townhouse/3184275/
rent,AP24130,5 Bedroom House To Let in Groenkloof,"R75,000 pm",Groenkloof,Pretoria,House,5,4.5,Immediately,,12 months,,Vivienne Doeg,082 301 6767; 012 348 0123,[082 301 6767](https://wa.me/27823016767),,https://www.appleproperty.co.za/results/residential/to-let/pretoria/groenkloof/house/3168980/
rent,AP19810,1 Bedroom Flat To Let in Wapadrand,"R9,000 pm",Wapadrand,Pretoria,Flat,1,1,Immediately,,12 months,,Kriek Grundling,082 785 0914; 012 348 0123,[082 785 0914](https://wa.me/27827850914),,https://www.appleproperty.co.za/results/residential/to-let/pretoria/wapadrand/flat/846398/
rent,AP23964,1 Bedroom Townhouse To Let in Brooklyn,"R12,500 pm",Brooklyn,Pretoria,Townhouse,1,1,Immediately,,12 months,,Vivienne Doeg,082 301 6767; 012 348 0123,[082 301 6767](https://wa.me/27823016767),,https://www.appleproperty.co.za/results/residential/to-let/pretoria/brooklyn/townhouse/3084727/
rent,AP18115,3 Bedroom Apartment To Let in Brooklyn,"R25,000 pm",Brooklyn,Pretoria,Apartment,3,2,Immediately,"R21,000",12 months,,Vivienne Doeg,082 301 6767; 012 348 0123,[082 301 6767](https://wa.me/27823016767),,https://www.appleproperty.co.za/results/residential/to-let/pretoria/brooklyn/apartment/845955/
rent,AP24119,2 Bedroom Townhouse To Let in Lynnwood Ridge,"R12,490 pm",Lynnwood Ridge,Pretoria,Townhouse,2,2,01 Jun 2026,"R12,500",12 months,"Exciting new release in sought after security complex in Lynnwood Ridge, Pretoria East! Exclusive to Apple Property.",Hannelize Wilken,084 580 8700; 012 348 0123,[084 580 8700](https://wa.me/27845808700),,https://www.appleproperty.co.za/results/residential/to-let/pretoria/lynnwood-ridge/townhouse/3166916/
rent,AP18005,2 Bedroom Apartment To Let in Hatfield,"R10,000 pm",Hatfield,Pretoria,Apartment,2,2,Immediately,"R10,000",12 months,"0210 Duncan Court, 1236 Park Street, Hatfield, Pretoria",Rita Fitzgerald,083 228 9633; 012 348 0123,[083 228 9633](https://wa.me/27832289633),,https://www.appleproperty.co.za/results/residential/to-let/pretoria/hatfield/apartment/858222/0210-duncan-court-1236-park-street/
rent,AP23528,4 Bedroom House To Let in Waterkloof Ridge,"R75,000 pm",Waterkloof Ridge,Pretoria,House,4,3,01 Oct 2025,"R75,000",12 months,,Vivienne Doeg,082 301 6767; 012 348 0123,[082 301 6767](https://wa.me/27823016767),,https://www.appleproperty.co.za/results/residential/to-let/pretoria/waterkloof-ridge/house/2903501/
rent,AP17590,1 Bedroom Apartment To Let in Hatfield,"R8,250 pm",Hatfield,Pretoria,Apartment,1,1,01 Jan 2026,"R8,250",12 months,"7181 Duncan Court, 1226 Park Street, Hatfield, Pretoria",Rita Fitzgerald,083 228 9633; 012 348 0123,[083 228 9633](https://wa.me/27832289633),,https://www.appleproperty.co.za/results/residential/to-let/pretoria/hatfield/apartment/858509/7181-duncan-court-1226-park-street/
rent,AP23893,4 Bedroom House To Let in Waterkloof Ridge,"R58,000 pm",Waterkloof Ridge,Pretoria,House,4,4,01 Apr 2026,"R58,000",12 months,,Vivienne Doeg,082 301 6767; 012 348 0123,[082 301 6767](https://wa.me/27823016767),,https://www.appleproperty.co.za/results/residential/to-let/pretoria/waterkloof-ridge/house/3047695/
rent,AP23467,3 Bedroom Apartment To Let in Baileys Muckleneuk,"R19,000 pm",Baileys Muckleneuk,Pretoria,Apartment,3,2,Immediately,,12 months,,Vivienne Doeg,082 301 6767; 012 348 0123,[082 301 6767](https://wa.me/27823016767),,https://www.appleproperty.co.za/results/residential/to-let/pretoria/baileys-muckleneuk/apartment/2841789/
rent,AP16668,1 Bedroom Studio Apartment To Let in Menlyn,"R14,500 pm",Menlyn,Pretoria,Studio Apartment,1,1,Immediately,,24 months,,Andre Sciocatti,082 930 7386; 012 348 0123; 082 551 7990,[082 930 7386](https://wa.me/27829307386); [082 551 7990](https://wa.me/27825517990),,https://www.appleproperty.co.za/results/residential/to-let/pretoria/menlyn/studio-apartment/845630/
rent,AP21881,1 Bedroom Apartment To Let in Nieuw Muckleneuk,"R13,800 pm",Nieuw Muckleneuk,Pretoria,Apartment,1,1,01 Mar 2026,"R13,800",12 months,,Sandy Lunt,0823222322; 012 348 0123,[0823222322](https://wa.me/27823222322),,https://www.appleproperty.co.za/results/residential/to-let/pretoria/nieuw-muckleneuk/apartment/1434501/
rent,AP22985,3 Bedroom Townhouse To Let in Menlo Park,"R33,000 pm",Menlo Park,Pretoria,Townhouse,3,2,01 Mar 2026,"R33,000",12 months,,Vivienne Doeg,082 301 6767; 012 348 0123,[082 301 6767](https://wa.me/27823016767),,https://www.appleproperty.co.za/results/residential/to-let/pretoria/menlo-park/townhouse/2353820/
rent,AP23822,2 Bedroom Apartment To Let in Waterkloof,"R13,000 pm",Waterkloof,Pretoria,Apartment,2,2,01 Feb 2026,,12 months,,Vivienne Doeg,082 301 6767; 012 348 0123,[082 301 6767](https://wa.me/27823016767),,https://www.appleproperty.co.za/results/residential/to-let/pretoria/waterkloof/apartment/3023430/
rent,AP17005,3 Bedroom House To Let in Waterkloof,"R34,000 pm",Waterkloof,Pretoria,House,3,2,Immediately,,12 months,,Vivienne Doeg,082 301 6767; 012 348 0123,[082 301 6767](https://wa.me/27823016767),,https://www.appleproperty.co.za/results/residential/to-let/pretoria/waterkloof/house/856357/
rent,AP24066,2 Bedroom House To Let in Waterkloof,"R40,000 pm",Waterkloof,Pretoria,House,2,2,01 Jul 2026,,12 months,,Vivienne Doeg,082 301 6767; 012 348 0123,[082 301 6767](https://wa.me/27823016767),,https://www.appleproperty.co.za/results/residential/to-let/pretoria/waterkloof/house/3141935/
rent,AP23919,2 Bedroom Apartment To Let in Menlo Park,"R19,900 pm",Menlo Park,Pretoria,Apartment,2,2,Immediately,"R19,900",12 months,,Vivienne Doeg,082 301 6767; 012 348 0123,[082 301 6767](https://wa.me/27823016767),,https://www.appleproperty.co.za/results/residential/to-let/pretoria/menlo-park/apartment/3071552/
rent,AP24088,3 Bedroom Townhouse To Let in Hazelwood,"R23,000 pm",Hazelwood,Pretoria,Townhouse,3,2,01 May 2026,"R23,000",12 months,,Vivienne Doeg,082 301 6767; 012 348 0123,[082 301 6767](https://wa.me/27823016767),,https://www.appleproperty.co.za/results/residential/to-let/pretoria/hazelwood/townhouse/3148715/
rent,AP22982,2 Bedroom House To Let in Waterkloof,"R40,000 pm",Waterkloof,Pretoria,House,2,2,01 Jul 2026,"R40,000",12 months,,Vivienne Doeg,082 301 6767; 012 348 0123,[082 301 6767](https://wa.me/27823016767),,https://www.appleproperty.co.za/results/residential/to-let/pretoria/waterkloof/house/2349583/
buy,AP23619,3 Bedroom House For Sale in Equestria,"R1,450,000",Equestria,Pretoria,House,3,2,,,,,Hannelize Wilken,084 580 8700; 012 348 0123,[084 580 8700](https://wa.me/27845808700),,https://www.appleproperty.co.za/results/residential/for-sale/pretoria/equestria/house/2930755/
buy,AP22998,4 Bedroom House For Sale in Moreleta Park,"R3,995,000",Moreleta Park,Pretoria,House,4,3,,,,,Herman Van Rooy,082 494 1449; 012 348 0123,[082 494 1449](https://wa.me/27824941449),,https://www.appleproperty.co.za/results/residential/for-sale/pretoria/moreleta-park/house/2360934/
buy,AP23584,73Ha Farm For Sale in Hondsrivier AH,"R5,195,000",Hondsrivier Ah,Bronkhorstspruit,Farm,3,2.5,,,,"127 Old Bronkhorstspruit road, Hondsrivier AH, Bronkhorstspruit",Koos Smit,082 555 4776; 012 348 0123,[082 555 4776](https://wa.me/27825554776),,https://www.appleproperty.co.za/results/residential/for-sale/bronkhorstspruit/hondsrivier-ah/farm/2923716/127-old-bronkhorstspruit-road/
buy,AP23683,9.20Ha Vacant Land For Sale in Bela Bela Rural,"R650,000",Bela Bela Rural,Bela Bela,Vacant Land,,,,,,,Street View,062 568 0285; 065 851 0009,[062 568 0285](https://wa.me/27625680285); [065 851 0009](https://wa.me/27658510009),,https://www.appleproperty.co.za/results/residential/for-sale/bela-bela/bela-bela-rural/vacant-land/2962201/
buy,AP22346,29Ha Farm For Sale in Doornkraal,"R3,450,000",Doornkraal,Cullinan,Farm,3,2,,,,,Koos Smit,082 555 4776; 012 348 0123,[082 555 4776](https://wa.me/27825554776),,https://www.appleproperty.co.za/results/residential/for-sale/cullinan/doornkraal/farm/1741474/
buy,AP24045,3 Bedroom Townhouse For Sale in Silverton,"R1,250,000",Silverton,Pretoria,Townhouse,3,2,,,,,Marianne Kenny,072 456 1802; 012 348 0123,[072 456 1802](https://wa.me/27724561802),,https://www.appleproperty.co.za/results/residential/for-sale/pretoria/silverton/townhouse/3133876/
buy,AP18984,11Ha Vacant Land For Sale in Zwavelpoort AH,"R11,000,000",Zwavelpoort Ah,Pretoria,Vacant Land,,,,,,,Koos Smit,082 555 4776; 012 348 0123,[082 555 4776](https://wa.me/27825554776),,https://www.appleproperty.co.za/results/residential/for-sale/pretoria/zwavelpoort-ah/vacant-land/851741/
buy,AP24026,347Ha Farm For Sale in Mookgopong,"R10,600,000",Mookgopong,Mookgopong,Farm,4,2,,,,"347 Ha Farm for Sale in Naboomspruit, Mookgopong",Erinda Van Aswegen,072 542 7373,[072 542 7373](https://wa.me/27725427373),,https://www.appleproperty.co.za/results/residential/for-sale/mookgopong/mookgopong/farm/3120283/
buy,AP23282,930m2 Vacant Land For Sale in Silverwoods Country Estate,"R2,500,000",Silverwoods Country Estate,Pretoria,Vacant Land,,,,,,,,072 440 1788; 012 348 0123,[072 440 1788](https://wa.me/27724401788),,https://www.appleproperty.co.za/results/residential/for-sale/pretoria/silverwoods-country-estate/vacant-land/2718807/
buy,AP17761,0.5 Bedroom Apartment For Sale in Hatfield,"R710,000",Hatfield,Pretoria,Apartment,0.5,1,,,,,Rita Fitzgerald,083 228 9633; 012 348 0123,[083 228 9633](https://wa.me/27832289633),,https://www.appleproperty.co.za/results/residential/for-sale/pretoria/hatfield/apartment/845646/
buy,AP23594,2 Bedroom Townhouse For Sale in Equestria,"R1,260,000",Equestria,Pretoria,Townhouse,2,2,,,,,Hannelize Wilken,084 580 8700; 012 348 0123,[084 580 8700](https://wa.me/27845808700),,https://www.appleproperty.co.za/results/residential/for-sale/pretoria/equestria/townhouse/2926521/
buy,AP23692,20 Bedroom Lodge For Sale in Bela Bela Rural,"R23,500,000",Bela Bela Rural,Bela Bela,Lodge,20,18,,,,,Margaret Horton,078 331 5590; 065 851 0009,[078 331 5590](https://wa.me/27783315590); [065 851 0009](https://wa.me/27658510009),,https://www.appleproperty.co.za/results/residential/for-sale/bela-bela/bela-bela-rural/lodge/2964834/
buy,AP21768,1 Bedroom Retirement Unit For Sale in Equestria,"R835,000",Equestria,Pretoria,Retirement Unit,1,1,,,,,Hannelize Wilken,084 580 8700; 012 348 0123,[084 580 8700](https://wa.me/27845808700),retirement; assisted-living,https://www.appleproperty.co.za/results/residential/for-sale/pretoria/equestria/retirement-unit/1347416/
buy,AP21118,5 Bedroom Equestrian Property For Sale in Mooiplaats AH,"R6,670,000",Mooiplaats Ah,Pretoria,Equestrian Property,5,4.5,,,,,Koos Smit,082 555 4776; 012 348 0123,[082 555 4776](https://wa.me/27825554776),,https://www.appleproperty.co.za/results/residential/for-sale/pretoria/mooiplaats-ah/equestrian-property/1135166/
buy,AP23303,3 Bedroom House For Sale in Equestria,"R1,990,000",Equestria,Pretoria,House,3,2,,,,"Built by master builder in prime position in Equestria, Pretoria East.",Hannelize Wilken,084 580 8700; 012 348 0123,[084 580 8700](https://wa.me/27845808700),,https://www.appleproperty.co.za/results/residential/for-sale/pretoria/equestria/house/2731374/
buy,AP22440,3 Bedroom House For Sale in Model Park,"R1,890,000",Model Park,Witbank,House,3,2,,,,,Willa Lombard,082 566 1354; 013 590 0665,[082 566 1354](https://wa.me/27825661354),,https://www.appleproperty.co.za/results/residential/for-sale/witbank/model-park/house/1769342/
buy,AP11369,4 Bedroom House For Sale in Model Park,"R3,500,000",Model Park,Witbank,House,4,3,,,,,Willa Lombard,082 566 1354; 013 590 0665,[082 566 1354](https://wa.me/27825661354),,https://www.appleproperty.co.za/results/residential/for-sale/witbank/model-park/house/844694/
buy,AP24128,1.53Ha Vacant Land For Sale in Buffelspoort Eco Estate,"R323,000",Buffelspoort Eco Estate,Bela Bela,Vacant Land,,,,,,,Margaret Horton,078 331 5590; 065 851 0009,[078 331 5590](https://wa.me/27783315590); [065 851 0009](https://wa.me/27658510009),,https://www.appleproperty.co.za/results/residential/for-sale/bela-bela/buffelspoort-eco-estate/vacant-land/3168944/
buy,AP22811,2 Bedroom Townhouse For Sale in Bela Bela,"R930,000",Bela Bela,Bela Bela,Townhouse,2,2,,,,,Margaret Horton,078 331 5590; 065 851 0009,[078 331 5590](https://wa.me/27783315590); [065 851 0009](https://wa.me/27658510009),,https://www.appleproperty.co.za/results/residential/for-sale/bela-bela/bela-bela/townhouse/2249437/
buy,AP23823,2 Bedroom Apartment For Sale in Waterkloof,"R1,840,000",Waterkloof,Pretoria,Apartment,2,2,,,,,Vivienne Doeg,082 301 6767; 012 348 0123,[082 301 6767](https://wa.me/27823016767),,https://www.appleproperty.co.za/results/residential/for-sale/pretoria/waterkloof/apartment/3023456/
buy,AP23928,3 Bedroom House Sold in Constantia Park,"R2,300,000",Constantia Park,Pretoria,House,3,2,,,,,Betsie Summerfield,083 488 4748; 012 348 0123,[083 488 4748](https://wa.me/27834884748),sold,https://www.appleproperty.co.za/results/residential/for-sale/pretoria/constantia-park/house/3075807/
buy,AP20620,2 Bedroom Retirement Unit For Sale in Equestria,"R949,000",Equestria,Pretoria,Retirement Unit,2,1,,,,,Hannelize Wilken,084 580 8700; 012 348 0123,[084 580 8700](https://wa.me/27845808700),retirement; assisted-living,https://www.appleproperty.co.za/results/residential/for-sale/pretoria/equestria/retirement-unit/931813/
buy,AP23108,4 Bedroom House For Sale in Equestria,"R2,695,000",Equestria,Pretoria,House,4,3,,,,,Hannelize Wilken,084 580 8700; 012 348 0123,[084 580 8700](https://wa.me/27845808700),,https://www.appleproperty.co.za/results/residential/for-sale/pretoria/equestria/house/2434675/
buy,AP23897,"42,220m2 Farm For Sale in Boschkop AH","R1,950,000",Boschkop Ah,Pretoria,Farm,3,1.5,,,,"701 R964, Boschkop AH, Pretoria",Koos Smit,082 555 4776; 012 348 0123,[082 555 4776](https://wa.me/27825554776),,https://www.appleproperty.co.za/results/residential/for-sale/pretoria/boschkop-ah/farm/3049576/701-r964/
buy,AP22802,7 Bedroom House For Sale in Waterkloof Ridge,"R5,995,000",Waterkloof Ridge,Pretoria,House,7,4,,,,,Vivienne Doeg,082 301 6767; 012 348 0123,[082 301 6767](https://wa.me/27823016767),,https://www.appleproperty.co.za/results/residential/for-sale/pretoria/waterkloof-ridge/house/2213337/
buy,AP23744,4 Bedroom House For Sale in Constantia Park,"R4,290,000",Constantia Park,Pretoria,House,4,4,,,,"560 andries strydom, Constantia Park, Pretoria",Betsie Summerfield,083 488 4748; 012 348 0123,[083 488 4748](https://wa.me/27834884748),,https://www.appleproperty.co.za/results/residential/for-sale/pretoria/constantia-park/house/2989525/560-andries-strydom/
buy,AP22972,3 Bedroom Retirement Unit For Sale in Bela Bela,"R790,000",Bela Bela,Bela Bela,Retirement Unit,3,1.5,,,,,Margaret Horton,078 331 5590; 065 851 0009,[078 331 5590](https://wa.me/27783315590); [065 851 0009](https://wa.me/27658510009),retirement,https://www.appleproperty.co.za/results/residential/for-sale/bela-bela/bela-bela/retirement-unit/2345653/
buy,AP24095,2 Bedroom Apartment Block For Sale in Bela Bela,"R920,000",Bela Bela,Bela Bela,Apartment Block,2,2,,,,,Margaret Horton,078 331 5590; 065 851 0009,[078 331 5590](https://wa.me/27783315590); [065 851 0009](https://wa.me/27658510009),,https://www.appleproperty.co.za/results/residential/for-sale/bela-bela/bela-bela/apartment-block/3151164/
buy,AP19917,42Ha Farm For Sale in Mookgopong Rural,"R1,890,000",Mookgopong Rural,Mookgopong,Farm,1,1,,,,,Erinda Van Aswegen,072 542 7373,[072 542 7373](https://wa.me/27725427373),,https://www.appleproperty.co.za/results/residential/for-sale/mookgopong/mookgopong-rural/farm/844856/
buy,AP20953,2 Bedroom Apartment For Sale in Menlyn,"R4,300,000",Menlyn,Pretoria,Apartment,2,2,,,,,Andre Sciocatti,082 930 7386; 012 348 0123,[082 930 7386](https://wa.me/27829307386),,https://www.appleproperty.co.za/results/residential/for-sale/pretoria/menlyn/apartment/1053599/
buy,AP24036,3 Bedroom Gated Estate For Sale in Buffelspoort Eco Estate,"R3,710,000",Buffelspoort Eco Estate,Modimolle,Gated Estate,3,2,,,,,,082 490 7659; 065 851 0009,[082 490 7659](https://wa.me/27824907659); [065 851 0009](https://wa.me/27658510009),,https://www.appleproperty.co.za/results/residential/for-sale/modimolle/buffelspoort-eco-estate/gated-estate/3126387/
buy,AP9298,4 Bedroom House For Sale in Mookgopong,POA,Mookgopong,Mookgopong,House,4,2,,,,,Erinda Van Aswegen,072 542 7373,[072 542 7373](https://wa.me/27725427373),,https://www.appleproperty.co.za/results/residential/for-sale/mookgopong/mookgopong/house/844626/
buy,AP21879,2 Bedroom Retirement Unit For Sale in Equestria,"R1,295,000",Equestria,Pretoria,Retirement Unit,2,1,,,,,Hannelize Wilken,084 580 8700; 012 348 0123,[084 580 8700](https://wa.me/27845808700),retirement; assisted-living,https://www.appleproperty.co.za/results/residential/for-sale/pretoria/equestria/retirement-unit/1434196/
buy,AP23881,3 Bedroom House For Sale in Brooklands Lifestyle Estate,"R2,250,000",Brooklands Lifestyle Estate,Centurion,House,3,2,,,,"3063 Kurrajong Crescent, Brooklands Lifestyle Estate, Centurion",Shogan Naidoo,072 430 6757,[072 430 6757](https://wa.me/27724306757),,https://www.appleproperty.co.za/results/residential/for-sale/centurion/brooklands-lifestyle-estate/house/3044583/3063-kurrajong-crescent/
buy,AP23283,930m2 Vacant Land For Sale in Silverwoods Country Estate,"R2,500,000",Silverwoods Country Estate,Pretoria,Vacant Land,,,,,,,,072 440 1788; 012 348 0123,[072 440 1788](https://wa.me/27724401788),,https://www.appleproperty.co.za/results/residential/for-sale/pretoria/silverwoods-country-estate/vacant-land/2718834/
buy,AP24044,3 Bedroom Townhouse For Sale in Ben Fleur,"R1,768,000",Ben Fleur,Witbank,Townhouse,3,2,,,,,Milena Kanka,013 590 0665,,,https://www.appleproperty.co.za/results/residential/for-sale/witbank/ben-fleur/townhouse/3131491/
buy,AP24148,3 Bedroom House For Sale in Blue Valley Golf Estate,"R4,435,000",Blue Valley Golf Estate,Centurion,House,3,3.5,,,,"50 Beauly, Blue Valley Golf Estate, Centurion",Shogan Naidoo,072 430 6757,[072 430 6757](https://wa.me/27724306757),,https://www.appleproperty.co.za/results/residential/for-sale/centurion/blue-valley-golf-estate/house/3179717/50-beauly/
buy,AP6136,3 Bedroom Townhouse For Sale in Hoeveld Park,"R2,650,000",Hoeveld Park,Witbank,Townhouse,3,2,,,,,Willa Lombard,082 566 1354; 013 590 0665,[082 566 1354](https://wa.me/27825661354),,https://www.appleproperty.co.za/results/residential/for-sale/witbank/hoeveld-park/townhouse/844068/
buy,AP24060,4 Bedroom House For Sale in Ben Fleur,"R3,100,000",Ben Fleur,Witbank,House,4,4.5,,,,"Situated in the Upmarket Reyno Heights Estate in Ben Fleur, Witbank.",Milena Kanka,013 590 0665,,,https://www.appleproperty.co.za/results/residential/for-sale/witbank/ben-fleur/house/3139349/
buy,AP23947,2 Bedroom Package Home For Sale in Silver Lakes,"R3,915,000",Silver Lakes,Pretoria,Package Home,2,2,,,,,,072 440 1788; 012 348 0123,[072 440 1788](https://wa.me/27724401788),retirement,https://www.appleproperty.co.za/results/residential/for-sale/pretoria/silver-lakes/package-home/3080313/
buy,AP23661,1.90Ha Vacant Land For Sale in Modimolle,"R499,000",Modimolle,Modimolle,Vacant Land,,,,,,"Conveniently located within easy reach of Bela-Bela, Modimolle, and approximately 112 hours from Pretoria",Margaret Horton,078 331 5590; 065 851 0009,[078 331 5590](https://wa.me/27783315590); [065 851 0009](https://wa.me/27658510009),,https://www.appleproperty.co.za/results/residential/for-sale/modimolle/modimolle/vacant-land/2951898/
buy,AP23999,3 Bedroom House For Sale in Mookgopong,"R2,600,000",Mookgopong,Mookgopong,House,3,3,,,,,Erinda Van Aswegen,072 542 7373,[072 542 7373](https://wa.me/27725427373),,https://www.appleproperty.co.za/results/residential/for-sale/mookgopong/mookgopong/house/3110444/
buy,AP23265,3 Bedroom House For Sale in Mookgopong,"R1,180,000",Mookgopong,Mookgopong,House,3,2,,,,,Erinda Van Aswegen,072 542 7373,[072 542 7373](https://wa.me/27725427373),,https://www.appleproperty.co.za/results/residential/for-sale/mookgopong/mookgopong/house/2708755/
buy,AP23386,3 Bedroom House For Sale in Die Heuwel,"R1,899,000",Die Heuwel,Witbank,House,3,2,,,,,Willa Lombard,082 566 1354; 013 590 0665,[082 566 1354](https://wa.me/27825661354),,https://www.appleproperty.co.za/results/residential/for-sale/witbank/die-heuwel/house/2787683/
buy,AP24134,3 Bedroom House For Sale in Waterkloof Ridge,"R3,895,000",Waterkloof Ridge,Pretoria,House,3,2.5,,,,,Rina Verryne,083 269 0085; 012 348 0123,[083 269 0085](https://wa.me/27832690085),,https://www.appleproperty.co.za/results/residential/for-sale/pretoria/waterkloof-ridge/house/3170083/
buy,AP23513,3 Bedroom Townhouse For Sale in Amberfield,"R1,700,000",Amberfield,Centurion,Townhouse,3,2.5,,,,,Shogan Naidoo,072 430 6757,[072 430 6757](https://wa.me/27724306757),,https://www.appleproperty.co.za/results/residential/for-sale/centurion/amberfield/townhouse/2897762/
buy,AP23280,919m2 Vacant Land For Sale in Silverwoods Country Estate,"R2,500,000",Silverwoods Country Estate,Pretoria,Vacant Land,,,,,,,,072 440 1788; 012 348 0123,[072 440 1788](https://wa.me/27724401788),,https://www.appleproperty.co.za/results/residential/for-sale/pretoria/silverwoods-country-estate/vacant-land/2718753/
buy,AP24042,8.80Ha Vacant Land For Sale in Bela Bela Rural,"R489,000",Bela Bela Rural,Bela Bela,Vacant Land,,,,,,,,062 568 0285; 065 851 0009,[062 568 0285](https://wa.me/27625680285); [065 851 0009](https://wa.me/27658510009),,https://www.appleproperty.co.za/results/residential/for-sale/bela-bela/bela-bela-rural/vacant-land/3130476/
buy,AP22912,5 Bedroom House For Sale in Six Fountains Residential Estate,"R7,990,000",Six Fountains Residential Estate,Pretoria,House,5,4.5,,,,,,072 440 1788; 012 348 0123,[072 440 1788](https://wa.me/27724401788),,https://www.appleproperty.co.za/results/residential/for-sale/pretoria/six-fountains-residential-estate/house/2331884/
buy,AP23550,3 Bedroom Retirement Unit For Sale in Rooiberg,"R995,000",Rooiberg,Thabazimbi,Retirement Unit,3,2,,,,,,062 568 0285; 065 851 0009,[062 568 0285](https://wa.me/27625680285); [065 851 0009](https://wa.me/27658510009),retirement,https://www.appleproperty.co.za/results/residential/for-sale/thabazimbi/rooiberg/retirement-unit/2909435/
buy,AP23338,700m2 Vacant Land Sold in Waterkloof Glen,"R1,200,000",Waterkloof Glen,Pretoria,Vacant Land,,,,,,,Betsie Summerfield,083 488 4748; 012 348 0123,[083 488 4748](https://wa.me/27834884748),sold,https://www.appleproperty.co.za/results/residential/for-sale/pretoria/waterkloof-glen/vacant-land/2752076/
buy,AP23153,5 Bedroom House For Sale in Reyno Ridge,"R2,920,000",Reyno Ridge,Witbank,House,5,4.5,,,,,Willa Lombard,082 566 1354; 013 590 0665,[082 566 1354](https://wa.me/27825661354),,https://www.appleproperty.co.za/results/residential/for-sale/witbank/reyno-ridge/house/2466981/
buy,AP21912,3 Bedroom Duplex For Sale in Centurion Golf Estate,"R3,300,000",Centurion Golf Estate,Centurion,Duplex,3,2.5,,,,,Magde Meyer,083 387 3437; 012 940 0099,[083 387 3437](https://wa.me/27833873437),,https://www.appleproperty.co.za/results/residential/for-sale/centurion/centurion-golf-estate/duplex/1440029/
buy,AP24038,2 Bedroom Simplex For Sale in Elarduspark,"R1,280,000",Elarduspark,Pretoria,Simplex,2,1,,,,,Retha Veldsman,082 928 7803; 012 348 0123,[082 928 7803](https://wa.me/27829287803),,https://www.appleproperty.co.za/results/residential/for-sale/pretoria/elarduspark/simplex/3127610/
buy,AP24068,4 Bedroom House For Sale in Bankenveld Golf Estate,"R5,900,000",Bankenveld Golf Estate,Witbank,House,4,4.5,,,,,Milena Kanka,013 590 0665,,,https://www.appleproperty.co.za/results/residential/for-sale/witbank/bankenveld-golf-estate/house/3142059/
buy,AP23116,3 Bedroom Apartment For Sale in Brooklyn,"R4,829,000",Brooklyn,Pretoria,Apartment,3,2,,,,,Vivienne Doeg,082 301 6767; 012 348 0123,[082 301 6767](https://wa.me/27823016767),,https://www.appleproperty.co.za/results/residential/for-sale/pretoria/brooklyn/apartment/2435696/
buy,AP24069,"48,300m2 Vacant Land For Sale in Mooiplaats AH","R1,050,000",Mooiplaats Ah,Pretoria,Vacant Land,,,,,,"195 R964, Mooiplaats AH, Pretoria",Koos Smit,082 555 4776; 012 348 0123,[082 555 4776](https://wa.me/27825554776),,https://www.appleproperty.co.za/results/residential/for-sale/pretoria/mooiplaats-ah/vacant-land/3142231/195-r964/
buy,AP23348,2 Bedroom Retirement Unit For Sale in Equestria,"R930,000",Equestria,Pretoria,Retirement Unit,2,1,,,,,Hannelize Wilken,084 580 8700; 012 348 0123,[084 580 8700](https://wa.me/27845808700),retirement; assisted-living,https://www.appleproperty.co.za/results/residential/for-sale/pretoria/equestria/retirement-unit/2766979/
buy,AP24118,2 Bedroom House For Sale in Mookgopong,"R1,200,000",Mookgopong,Mookgopong,House,2,2,,,,,Erinda Van Aswegen,072 542 7373,[072 542 7373](https://wa.me/27725427373),,https://www.appleproperty.co.za/results/residential/for-sale/mookgopong/mookgopong/house/3166715/
buy,AP23691,4 Bedroom Townhouse For Sale in Brooklyn,"R3,500,000",Brooklyn,Pretoria,Townhouse,4,2,,,,,Vivienne Doeg,082 301 6767; 012 348 0123,[082 301 6767](https://wa.me/27823016767),,https://www.appleproperty.co.za/results/residential/for-sale/pretoria/brooklyn/townhouse/2963993/
buy,AP17931,20Ha Smallholding For Sale in Radium,"R3,000,000",Radium,Bela Bela,Smallholding,3,2.5,,,,,Margaret Horton,078 331 5590; 065 851 0009; 082 490 7659,[078 331 5590](https://wa.me/27783315590); [065 851 0009](https://wa.me/27658510009); [082 490 7659](https://wa.me/27824907659),,https://www.appleproperty.co.za/results/residential/for-sale/bela-bela/radium/smallholding/855982/
buy,AP21844,"85,000m2 Farm For Sale in Tiegerpoort AH","R10,200,000",Tiegerpoort Ah,Pretoria,Farm,4,3,,,,"371 Leribisi, Tiegerpoort AH, Pretoria",Koos Smit,082 555 4776; 012 348 0123,[082 555 4776](https://wa.me/27825554776),,https://www.appleproperty.co.za/results/residential/for-sale/pretoria/tiegerpoort-ah/farm/1405586/371-leribisi/
buy,AP23129,3 Bedroom House For Sale in Zwavelpoort AH,"R4,950,000",Zwavelpoort Ah,Pretoria,House,3,2,,,,"785 Saint str, Zwavelpoort AH, Pretoria",Koos Smit,082 555 4776; 012 348 0123,[082 555 4776](https://wa.me/27825554776),,https://www.appleproperty.co.za/results/residential/for-sale/pretoria/zwavelpoort-ah/house/2443744/785-saint-str/
buy,AP23677,3 Bedroom House For Sale in Reyno Ridge,"R2,540,000",Reyno Ridge,Witbank,House,3,3,,,,,Willa Lombard,082 566 1354; 013 590 0665,[082 566 1354](https://wa.me/27825661354),,https://www.appleproperty.co.za/results/residential/for-sale/witbank/reyno-ridge/house/2959762/
buy,AP23923,5 Bedroom House For Sale in Model Park,"R2,300,000",Model Park,Witbank,House,5,3,,,,,Willa Lombard,082 566 1354; 013 590 0665,[082 566 1354](https://wa.me/27825661354),,https://www.appleproperty.co.za/results/residential/for-sale/witbank/model-park/house/3073789/
buy,AP22638,11.80Ha Smallholding For Sale in Bela Bela,"R850,000",Bela Bela,Bela Bela,Smallholding,,,,,,,Margaret Horton,078 331 5590; 065 851 0009,[078 331 5590](https://wa.me/27783315590); [065 851 0009](https://wa.me/27658510009),,https://www.appleproperty.co.za/results/residential/for-sale/bela-bela/bela-bela/smallholding/1844184/
buy,AP23904,2 Bedroom Townhouse For Sale in Amberfield Heights,"R1,000,000",Amberfield Heights,Centurion,Townhouse,2,1,,,,,Shogan Naidoo,072 430 6757,[072 430 6757](https://wa.me/27724306757),,https://www.appleproperty.co.za/results/residential/for-sale/centurion/amberfield-heights/townhouse/3052982/
buy,AP24058,2 Bedroom Sectional Title For Sale in Mookgopong,"R800,000",Mookgopong,Mookgopong,Sectional Title,2,1,,,,,Erinda Van Aswegen,072 542 7373,[072 542 7373](https://wa.me/27725427373),retirement,https://www.appleproperty.co.za/results/residential/for-sale/mookgopong/mookgopong/sectional-title/3139043/
buy,AP8058,417Ha Farm For Sale in Mookgopong,"R14,900,000",Mookgopong,Mookgopong,Farm,4,3,,,,,Erinda Van Aswegen,072 542 7373,[072 542 7373](https://wa.me/27725427373),,https://www.appleproperty.co.za/results/residential/for-sale/mookgopong/mookgopong/farm/846697/
buy,AP23910,3 Bedroom Townhouse For Sale in Ben Fleur,"R1,850,000",Ben Fleur,Witbank,Townhouse,3,2.5,,,,,Milena Kanka,013 590 0665,,,https://www.appleproperty.co.za/results/residential/for-sale/witbank/ben-fleur/townhouse/3056393/
buy,AP22763,"42,530m2 Smallholding For Sale in Mooiplaats AH","R2,950,000",Mooiplaats Ah,Pretoria,Smallholding,2,2,,,,"583 Blou straat, Mooiplaats AH, Pretoria",Koos Smit,082 555 4776; 012 348 0123,[082 555 4776](https://wa.me/27825554776),,https://www.appleproperty.co.za/results/residential/for-sale/pretoria/mooiplaats-ah/smallholding/2196149/583-blou-straat/
buy,AP23986,3 Bedroom Duplex For Sale in Moreleta Park,"R1,200,000",Moreleta Park,Pretoria,Duplex,3,1.5,,,,,Liezl Janse Van Rensburg,084 851 0492; 012 348 0123,[084 851 0492](https://wa.me/27848510492),,https://www.appleproperty.co.za/results/residential/for-sale/pretoria/moreleta-park/duplex/3103641/
buy,AP23680,6 Bedroom House For Sale in Tiegerpoort AH,"R5,590,000",Tiegerpoort Ah,Pretoria,House,6,3,,,,,Koos Smit,082 555 4776; 012 348 0123,[082 555 4776](https://wa.me/27825554776),,https://www.appleproperty.co.za/results/residential/for-sale/pretoria/tiegerpoort-ah/house/2961555/
buy,AP21119,2 Bedroom Duplex For Sale in Menlo Park,"R1,800,000",Menlo Park,Pretoria,Duplex,2,2,,,,,Vivienne Doeg,082 301 6767; 012 348 0123,[082 301 6767](https://wa.me/27823016767),,https://www.appleproperty.co.za/results/residential/for-sale/pretoria/menlo-park/duplex/1135500/
buy,AP20280,2 Bedroom Apartment Block For Sale in Waterkloof,"R2,300,000",Waterkloof,Pretoria,Apartment Block,2,2,,,,,Sandy Lunt,0823222322; 012 348 0123,[0823222322](https://wa.me/27823222322),,https://www.appleproperty.co.za/results/residential/for-sale/pretoria/waterkloof/apartment-block/859447/
buy,AP21968,2 Bedroom Retirement Unit For Sale in Mookgopong,"R1,300,000",Mookgopong,Mookgopong,Retirement Unit,2,2,,,,,Erinda Van Aswegen,072 542 7373,[072 542 7373](https://wa.me/27725427373),retirement,https://www.appleproperty.co.za/results/residential/for-sale/mookgopong/mookgopong/retirement-unit/1456440/
buy,AP22264,1.20Ha Vacant Land Sold in Buffelspoort Eco Estate,"R215,000",Buffelspoort Eco Estate,Modimolle,Vacant Land,,,,,,,Margaret Horton,078 331 5590; 065 851 0009,[078 331 5590](https://wa.me/27783315590); [065 851 0009](https://wa.me/27658510009),sold,https://www.appleproperty.co.za/results/residential/for-sale/modimolle/buffelspoort-eco-estate/vacant-land/1720100/
buy,AP20707,3 Bedroom House For Sale in Mookgopong,"R970,000",Mookgopong,Mookgopong,House,3,2,,,,,Erinda Van Aswegen,072 542 7373,[072 542 7373](https://wa.me/27725427373),,https://www.appleproperty.co.za/results/residential/for-sale/mookgopong/mookgopong/house/964044/
buy,AP21216,8Ha Smallholding For Sale in Oorlogsfontein AH,"R2,100,000",Oorlogsfontein Ah,Mokopane,Smallholding,7,4,,,,,Erinda Van Aswegen,072 542 7373,[072 542 7373](https://wa.me/27725427373),,https://www.appleproperty.co.za/results/residential/for-sale/mokopane/oorlogsfontein-ah/smallholding/1154401/
buy,AP24002,8.80Ha Farm For Sale in Bela Bela,"R2,260,000",Bela Bela,Bela Bela,Farm,13,7,,,,,,082 490 7659; 065 851 0009,[082 490 7659](https://wa.me/27824907659); [065 851 0009](https://wa.me/27658510009),,https://www.appleproperty.co.za/results/residential/for-sale/bela-bela/bela-bela/farm/3113552/
buy,AP23952,3 Bedroom Package Home For Sale in Hazeldean,"R5,315,000",Hazeldean,Pretoria,Package Home,3,3.5,,,,,,072 440 1788; 012 348 0123,[072 440 1788](https://wa.me/27724401788),retirement,https://www.appleproperty.co.za/results/residential/for-sale/pretoria/hazeldean/package-home/3081205/
buy,AP23878,3 Bedroom Townhouse For Sale in Equestria,"R1,795,000",Equestria,Pretoria,Townhouse,3,2.5,,,,,Hannelize Wilken,084 580 8700; 012 348 0123,[084 580 8700](https://wa.me/27845808700),,https://www.appleproperty.co.za/results/residential/for-sale/pretoria/equestria/townhouse/3042838/
buy,AP23816,1 Bedroom Apartment For Sale in Menlyn,"R1,735,000",Menlyn,Pretoria,Apartment,1,1,,,,,Andre Sciocatti,082 930 7386; 012 348 0123,[082 930 7386](https://wa.me/27829307386),,https://www.appleproperty.co.za/results/residential/for-sale/pretoria/menlyn/apartment/3021472/
buy,AP11197,Studio Apartment For Sale in Hatfield,"R770,000",Hatfield,Pretoria,Studio Apartment,,1,,,,,Rita Fitzgerald,083 228 9633; 012 348 0123,[083 228 9633](https://wa.me/27832289633),,https://www.appleproperty.co.za/results/residential/for-sale/pretoria/hatfield/studio-apartment/846011/
buy,AP24008,21.40Ha Farm For Sale in Modimolle Rural,"R1,900,000",Modimolle Rural,Modimolle,Farm,4,2,,,,,,062 568 0285; 065 851 0009; 082 490 7659,[062 568 0285](https://wa.me/27625680285); [065 851 0009](https://wa.me/27658510009); [082 490 7659](https://wa.me/27824907659),,https://www.appleproperty.co.za/results/residential/for-sale/modimolle/modimolle-rural/farm/3114022/
buy,AP23602,"2,500m2 Vacant Land For Sale in Verloren Estate","R635,000",Verloren Estate,Bela Bela,Vacant Land,,,,,,,,062 568 0285; 065 851 0009,[062 568 0285](https://wa.me/27625680285); [065 851 0009](https://wa.me/27658510009),retirement; assisted-living,https://www.appleproperty.co.za/results/residential/for-sale/bela-bela/verloren-estate/vacant-land/2926784/
buy,AP22868,983Ha Farm For Sale in Mookgopong,"R13,700,000",Mookgopong,Mookgopong,Farm,3,3,,,,,Erinda Van Aswegen,072 542 7373,[072 542 7373](https://wa.me/27725427373),,https://www.appleproperty.co.za/results/residential/for-sale/mookgopong/mookgopong/farm/2271824/
buy,AP23829,3 Bedroom Apartment For Sale in Carlswald Meadows,"R1,299,000",Carlswald Meadows,Midrand,Apartment,3,2,,,,"94 Carlswald Meadows, 55 Acacia Road, Carlswald Meadows, Midrand",Shogan Naidoo,072 430 6757,[072 430 6757](https://wa.me/27724306757),,https://www.appleproperty.co.za/results/residential/for-sale/midrand/carlswald-meadows/apartment/3024749/94-carlswald-meadows-55-acacia-road/
buy,AP23855,7 Bedroom House For Sale in Savannah Hills Estate,"R4,500,000",Savannah Hills Estate,Midrand,House,7,7,,,,,Shogan Naidoo,072 430 6757,[072 430 6757](https://wa.me/27724306757),,https://www.appleproperty.co.za/results/residential/for-sale/midrand/savannah-hills-estate/house/3031461/
buy,AP19164,1 Bedroom Apartment For Sale in Hatfield,"R660,000",Hatfield,Pretoria,Apartment,1,1,,,,,Rita Fitzgerald,083 228 9633; 012 348 0123,[083 228 9633](https://wa.me/27832289633),,https://www.appleproperty.co.za/results/residential/for-sale/pretoria/hatfield/apartment/844591/
buy,AP21292,2 Bedroom Apartment For Sale in Menlo Park,"R2,195,000",Menlo Park,Pretoria,Apartment,2,2,,,,,Marianne Kenny,072 456 1802; 012 348 0123,[072 456 1802](https://wa.me/27724561802),,https://www.appleproperty.co.za/results/residential/for-sale/pretoria/menlo-park/apartment/1180139/
buy,AP21918,4 Bedroom Duplex For Sale in Ben Fleur,"R3,210,000",Ben Fleur,Witbank,Duplex,4,4.5,,,,,Milena Kanka,013 590 0665,,,https://www.appleproperty.co.za/results/residential/for-sale/witbank/ben-fleur/duplex/1441474/
buy,AP24131,1.79Ha Vacant Land For Sale in Buffelspoort Eco Estate,"R478,000",Buffelspoort Eco Estate,Bela Bela,Vacant Land,,,,,,,Margaret Horton,078 331 5590; 065 851 0009,[078 331 5590](https://wa.me/27783315590); [065 851 0009](https://wa.me/27658510009),,https://www.appleproperty.co.za/results/residential/for-sale/bela-bela/buffelspoort-eco-estate/vacant-land/3169025/
buy,AP24047,2 Bedroom Townhouse For Sale in Model Park,"R895,000",Model Park,Witbank,Townhouse,2,1,,,,,Willa Lombard,082 566 1354; 013 590 0665,[082 566 1354](https://wa.me/27825661354),,https://www.appleproperty.co.za/results/residential/for-sale/witbank/model-park/townhouse/3134000/
buy,AP21905,3 Bedroom House For Sale in Waterkloof,"R2,500,000",Waterkloof,Pretoria,House,3,2,,,,,Vivienne Doeg,082 301 6767; 012 348 0123,[082 301 6767](https://wa.me/27823016767),,https://www.appleproperty.co.za/results/residential/for-sale/pretoria/waterkloof/house/1438775/
buy,AP22104,"57,000m2 Smallholding For Sale in Zwavelpoort AH","R11,400,000",Zwavelpoort Ah,Pretoria,Smallholding,"The bedrooms are all large and bright with plenty of sunlight, ample cupboards and storage space, air conditioners, and private bathrooms.",4,,,,,Koos Smit,082 555 4776; 012 348 0123,[082 555 4776](https://wa.me/27825554776),,https://www.appleproperty.co.za/results/residential/for-sale/pretoria/zwavelpoort-ah/smallholding/1553575/
buy,AP24064,1 Bedroom Bungalow For Sale in Mookgopong,"R450,000",Mookgopong,Mookgopong,Bungalow,1,1,,,,,Erinda Van Aswegen,072 542 7373,[072 542 7373](https://wa.me/27725427373),,https://www.appleproperty.co.za/results/residential/for-sale/mookgopong/mookgopong/bungalow/3141658/
buy,AP23759,3 Bedroom House For Sale in Lyttelton Manor,"R2,395,000",Lyttelton Manor,Centurion,House,3,2,,,,,,082 392 3123; 012 348 0123,[082 392 3123](https://wa.me/27823923123),,https://www.appleproperty.co.za/results/residential/for-sale/centurion/lyttelton-manor/house/2997298/
buy,AP22539,1 Bedroom Apartment For Sale in Garsfontein,"R999,000",Garsfontein,Pretoria,Apartment,1,1,,,,"LIFE RIGHS - Luxury Retirement Estate Apartment for Sale in Garsfontein, Pretoria:",Vinette Smit,0826529627; 012 348 0123,[0826529627](https://wa.me/27826529627),retirement,https://www.appleproperty.co.za/results/residential/for-sale/pretoria/garsfontein/apartment/1809849/
buy,AP24072,2 Bedroom Townhouse For Sale in Newlands,"R1,980,000",Newlands,Pretoria,Townhouse,2,1,,,,,Petro Sciocatti,082 551 7990; 012 348 0123; 082 930 7386,[082 551 7990](https://wa.me/27825517990); [082 930 7386](https://wa.me/27829307386),retirement,https://www.appleproperty.co.za/results/residential/for-sale/pretoria/newlands/townhouse/3143011/
buy,AP22841,"51,930m2 Vacant Land For Sale in Mooiplaats AH","R1,380,000",Mooiplaats Ah,Pretoria,Vacant Land,,,,,,,Koos Smit,082 555 4776; 012 348 0123,[082 555 4776](https://wa.me/27825554776),,https://www.appleproperty.co.za/results/residential/for-sale/pretoria/mooiplaats-ah/vacant-land/2264179/
buy,AP23465,8.90Ha Vacant Land For Sale in Bela Bela Rural,"R450,000",Bela Bela Rural,Bela Bela,Vacant Land,,,,,,,Margaret Horton,078 331 5590; 065 851 0009,[078 331 5590](https://wa.me/27783315590); [065 851 0009](https://wa.me/27658510009),,https://www.appleproperty.co.za/results/residential/for-sale/bela-bela/bela-bela-rural/vacant-land/2840983/
buy,AP22312,300Ha Farm For Sale in Mookgopong,"R9,000,000",Mookgopong,Mookgopong,Farm,4,3,,,,,Erinda Van Aswegen,072 542 7373,[072 542 7373](https://wa.me/27725427373),,https://www.appleproperty.co.za/results/residential/for-sale/mookgopong/mookgopong/farm/1732970/
buy,AP23922,2 Bedroom Simplex For Sale in Mooikloof Ridge,"R1,350,000",Mooikloof Ridge,Pretoria,Simplex,2,2,,,,,Liezl Janse Van Rensburg,084 851 0492; 012 348 0123,[084 851 0492](https://wa.me/27848510492),,https://www.appleproperty.co.za/results/residential/for-sale/pretoria/mooikloof-ridge/simplex/3073561/
buy,AP18282,2 Bedroom Apartment For Sale in Arcadia,"R830,000",Arcadia,Pretoria,Apartment,2,1,,,,"00 Lofts @ Loftus, 760 Park Street, Arcadia, Pretoria",Rita Fitzgerald,083 228 9633; 012 348 0123,[083 228 9633](https://wa.me/27832289633),,https://www.appleproperty.co.za/results/residential/for-sale/pretoria/arcadia/apartment/846076/00-lofts-loftus-760-park-street/
buy,AP24111,21.50Ha Farm For Sale in Bela Bela,"R3,700,000",Bela Bela,Bela Bela,Farm,14,8,,,,,,082 490 7659; 065 851 0009,[082 490 7659](https://wa.me/27824907659); [065 851 0009](https://wa.me/27658510009),,https://www.appleproperty.co.za/results/residential/for-sale/bela-bela/bela-bela/farm/3161601/
buy,AP15616,3 Bedroom House For Sale in Mookgopong,"R1,580,000",Mookgopong,Mookgopong,House,3,2,,,,,Erinda Van Aswegen,072 542 7373,[072 542 7373](https://wa.me/27725427373),,https://www.appleproperty.co.za/results/residential/for-sale/mookgopong/mookgopong/house/847894/
buy,AP23211,5 Bedroom House For Sale in Bela Bela,"R1,900,000",Bela Bela,Bela Bela,House,5,3,,,,,Margaret Horton,078 331 5590; 065 851 0009,[078 331 5590](https://wa.me/27783315590); [065 851 0009](https://wa.me/27658510009),,https://www.appleproperty.co.za/results/residential/for-sale/bela-bela/bela-bela/house/2510388/
buy,AP3331,5 Bedroom House For Sale in Bankenveld Estate,"R5,300,000",Bankenveld Estate,Witbank,House,5,3.5,,,,,Milena Kanka,013 590 0665,,,https://www.appleproperty.co.za/results/residential/for-sale/witbank/bankenveld-estate/house/846246/
buy,AP23662,3 Bedroom Freestanding For Sale in Wierda Park,"R2,500,000",Wierda Park,Centurion,Freestanding,3,2,,,,"275 QUELEA, Wierda Park, Centurion",Shogan Naidoo,072 430 6757; 082 930 7386,[072 430 6757](https://wa.me/27724306757); [082 930 7386](https://wa.me/27829307386),,https://www.appleproperty.co.za/results/residential/for-sale/centurion/wierda-park/freestanding/2952383/275-quelea/
buy,AP23580,3 Bedroom House For Sale in Waterkloof,"R3,700,000",Waterkloof,Pretoria,House,3,2,,,,,Vivienne Doeg,082 301 6767; 012 348 0123,[082 301 6767](https://wa.me/27823016767),,https://www.appleproperty.co.za/results/residential/for-sale/pretoria/waterkloof/house/2922948/
buy,AP22138,3 Bedroom House For Sale in Mookgopong,"R1,680,000",Mookgopong,Mookgopong,House,3,2,,,,,Erinda Van Aswegen,072 542 7373,[072 542 7373](https://wa.me/27725427373),,https://www.appleproperty.co.za/results/residential/for-sale/mookgopong/mookgopong/house/1613425/
buy,AP23666,3 Bedroom Duet Sold in Newlands,"R1,849,000",Newlands,Pretoria,Duet,3,2,,,,,Betsie Summerfield,083 488 4748; 012 348 0123,[083 488 4748](https://wa.me/27834884748),sold,https://www.appleproperty.co.za/results/residential/for-sale/pretoria/newlands/duet/2954579/
buy,AP24053,2 Bedroom Simplex For Sale in Pierre Van Ryneveld,"R1,300,000",Pierre Van Ryneveld,Centurion,Simplex,2,1,,,,,Lenie Visage,083 259 5342; 012 348 0123; 084 870 1465,[083 259 5342](https://wa.me/27832595342); [084 870 1465](https://wa.me/27848701465),,https://www.appleproperty.co.za/results/residential/for-sale/centurion/pierre-van-ryneveld/simplex/3136097/
buy,AP24094,4 Bedroom House For Sale in Waterkloof,"R4,500,000",Waterkloof,Pretoria,House,4,3,,,,,Vivienne Doeg,082 301 6767; 012 348 0123,[082 301 6767](https://wa.me/27823016767),,https://www.appleproperty.co.za/results/residential/for-sale/pretoria/waterkloof/house/3151054/
buy,AP23924,2 Bedroom Apartment For Sale in Brooklyn,"R1,300,000",Brooklyn,Pretoria,Apartment,2,1,,,,,Sandy Lunt,0823222322; 012 348 0123,[0823222322](https://wa.me/27823222322),,https://www.appleproperty.co.za/results/residential/for-sale/pretoria/brooklyn/apartment/3073872/
buy,AP23257,2 Bedroom Retirement Unit For Sale in Bela Bela,"R945,000",Bela Bela,Bela Bela,Retirement Unit,2,2,,,,,Margaret Horton,078 331 5590; 065 851 0009,[078 331 5590](https://wa.me/27783315590); [065 851 0009](https://wa.me/27658510009),retirement,https://www.appleproperty.co.za/results/residential/for-sale/bela-bela/bela-bela/retirement-unit/2672269/
buy,AP22179,4 Bedroom House For Sale in Bankenveld Estate,"R4,300,000",Bankenveld Estate,Witbank,House,4,3.5,,,,,Milena Kanka,013 590 0665,,,https://www.appleproperty.co.za/results/residential/for-sale/witbank/bankenveld-estate/house/1637348/
buy,AP23925,409Ha Farm For Sale in Alma,"R26,000,000",Alma,Modimolle,Farm,4,4,,,,,,065 921 3851; 065 851 0009,[065 921 3851](https://wa.me/27659213851); [065 851 0009](https://wa.me/27658510009),,https://www.appleproperty.co.za/results/residential/for-sale/modimolle/alma/farm/3074071/
buy,AP24017,1 Bedroom Apartment For Sale in Hazeldean,"R699,000",Hazeldean,Pretoria,Apartment,1,1,,,,"666 Oscars Place, 2098 Monroe Close, Hazeldean, Pretoria",Fransie Pienaar,082 338 3037; 012 348 0123,[082 338 3037](https://wa.me/27823383037),,https://www.appleproperty.co.za/results/residential/for-sale/pretoria/hazeldean/apartment/3117415/666-oscars-place-2098-monroe-close/
buy,AP22197,"93,500m2 Farm For Sale in Mooiplaats AH","R5,250,000",Mooiplaats Ah,Pretoria,Farm,3,2,,,,,Koos Smit,082 555 4776; 012 348 0123,[082 555 4776](https://wa.me/27825554776),,https://www.appleproperty.co.za/results/residential/for-sale/pretoria/mooiplaats-ah/farm/1652802/
buy,AP23912,5 Bedroom House Sold in Constantia Park,"R3,400,000",Constantia Park,Pretoria,House,5,3,,,,,Betsie Summerfield,083 488 4748; 012 348 0123,[083 488 4748](https://wa.me/27834884748),sold,https://www.appleproperty.co.za/results/residential/for-sale/pretoria/constantia-park/house/3068256/
buy,AP23640,2 Bedroom Apartment For Sale in Menlyn,"R4,980,000",Menlyn,Pretoria,Apartment,2,2,,,,,Vivienne Doeg,082 301 6767; 012 348 0123; 082 930 7386,[082 301 6767](https://wa.me/27823016767); [082 930 7386](https://wa.me/27829307386),,https://www.appleproperty.co.za/results/residential/for-sale/pretoria/menlyn/apartment/2942486/
buy,AP18273,5 Bedroom Freestanding For Sale in Waterkloof,"R6,900,000",Waterkloof,Pretoria,Freestanding,5,4,,,,,Vivienne Doeg,082 301 6767; 012 348 0123,[082 301 6767](https://wa.me/27823016767),,https://www.appleproperty.co.za/results/residential/for-sale/pretoria/waterkloof/freestanding/852258/
buy,AP24126,1.90Ha Vacant Land For Sale in Buffelspoort Eco Estate,"R220,000",Buffelspoort Eco Estate,Bela Bela,Vacant Land,,,,,,,Margaret Horton,078 331 5590; 065 851 0009,[078 331 5590](https://wa.me/27783315590); [065 851 0009](https://wa.me/27658510009),,https://www.appleproperty.co.za/results/residential/for-sale/bela-bela/buffelspoort-eco-estate/vacant-land/3168813/
buy,AP23479,2 Bedroom Freehold For Sale in Bela Bela,"R1,250,000",Bela Bela,Bela Bela,Freehold,2,2,,,,,Margaret Horton,078 331 5590; 065 851 0009,[078 331 5590](https://wa.me/27783315590); [065 851 0009](https://wa.me/27658510009),,https://www.appleproperty.co.za/results/residential/for-sale/bela-bela/bela-bela/freehold/2878839/
buy,AP23582,3 Bedroom Apartment For Sale in Lynnwood,"R2,299,000",Lynnwood,Pretoria,Apartment,3,2,,,,,Sandy Lunt,0823222322; 012 348 0123,[0823222322](https://wa.me/27823222322),,https://www.appleproperty.co.za/results/residential/for-sale/pretoria/lynnwood/apartment/2923292/
buy,AP18556,2 Bedroom Retirement Unit For Sale in Equestria,"R985,000",Equestria,Pretoria,Retirement Unit,2,1,,,,,Hannelize Wilken,084 580 8700; 012 348 0123,[084 580 8700](https://wa.me/27845808700),retirement; assisted-living,https://www.appleproperty.co.za/results/residential/for-sale/pretoria/equestria/retirement-unit/844160/
buy,AP23839,2 Bedroom Retirement Unit Sold in Bela Bela,"R920,000",Bela Bela,Bela Bela,Retirement Unit,2,1.5,,,,,,065 921 3851; 065 851 0009,[065 921 3851](https://wa.me/27659213851); [065 851 0009](https://wa.me/27658510009),sold; retirement,https://www.appleproperty.co.za/results/residential/for-sale/bela-bela/bela-bela/retirement-unit/3028540/
buy,AP24104,4 Bedroom Freestanding For Sale in Valhalla,"R1,995,000",Valhalla,Centurion,Freestanding,4,2,,,,,Shogan Naidoo,072 430 6757,[072 430 6757](https://wa.me/27724306757),,https://www.appleproperty.co.za/results/residential/for-sale/centurion/valhalla/freestanding/3157544/
buy,AP22405,2 Bedroom Apartment For Sale in Lynnwood,"R1,930,000",Lynnwood,Pretoria,Apartment,2,2,,,,,Sandy Lunt,0823222322; 012 348 0123; 082 301 6767,[0823222322](https://wa.me/27823222322); [082 301 6767](https://wa.me/27823016767),,https://www.appleproperty.co.za/results/residential/for-sale/pretoria/lynnwood/apartment/1761963/
buy,AP22399,1 Bedroom Apartment For Sale in The Hills Game Reserve Estate,"R990,000",The Hills Game Reserve Estate,Pretoria,Apartment,1,1,,,,,,061 409 4722; 012 348 0123,[061 409 4722](https://wa.me/27614094722),,https://www.appleproperty.co.za/results/residential/for-sale/pretoria/the-hills-game-reserve-estate/apartment/1757507/
buy,AP24071,3 Bedroom Townhouse For Sale in Eco Park Estate,"R1,449,000",Eco Park Estate,Centurion,Townhouse,3,2,,,,"305 Eco Park Estate, 402 Eco Park Blvd, Eco Park Estate, Centurion",Shogan Naidoo,072 430 6757,[072 430 6757](https://wa.me/27724306757),,https://www.appleproperty.co.za/results/residential/for-sale/centurion/eco-park-estate/townhouse/3142429/305-eco-park-estate-402-eco-park-blvd/
buy,AP23888,2 Bedroom House For Sale in Waterkloof,"R1,950,000",Waterkloof,Pretoria,House,2,2,,,,,Vivienne Doeg,082 301 6767; 012 348 0123,[082 301 6767](https://wa.me/27823016767),,https://www.appleproperty.co.za/results/residential/for-sale/pretoria/waterkloof/house/3045996/
buy,AP19840,5 Bedroom House For Sale in Bankenveld Golf Estate,"R4,500,000",Bankenveld Golf Estate,Witbank,House,5,5,,,,,Milena Kanka,013 590 0665,,,https://www.appleproperty.co.za/results/residential/for-sale/witbank/bankenveld-golf-estate/house/858174/
buy,AP23519,1 Bedroom Apartment For Sale in Garsfontein,"R1,000,000",Garsfontein,Pretoria,Apartment,1,1,,,,"Luxury Retirement Estate Apartment for Sale in Garsfontein, Pretoria:",Vinette Smit,0826529627; 012 348 0123,[0826529627](https://wa.me/27826529627),retirement,https://www.appleproperty.co.za/results/residential/for-sale/pretoria/garsfontein/apartment/2900804/
buy,AP23933,4 Bedroom House For Sale in Moreleta Park,"R2,790,000",Moreleta Park,Pretoria,House,4,2,,,,,Liezl Janse Van Rensburg,084 851 0492; 012 348 0123,[084 851 0492](https://wa.me/27848510492),,https://www.appleproperty.co.za/results/residential/for-sale/pretoria/moreleta-park/house/3079328/
buy,AP23508,3 Bedroom Sectional Title For Sale in Lynnwood,"R3,966,000",Lynnwood,Pretoria,Sectional Title,3,3,,,,"Lynnwood Living Secure Residential Development in Lynnwood, Pretoria",Andre Sciocatti,082 930 7386; 012 348 0123,[082 930 7386](https://wa.me/27829307386),,https://www.appleproperty.co.za/results/residential/for-sale/pretoria/lynnwood/sectional-title/2894867/
buy,AP15157,"1,900m2 Vacant Land For Sale in Ben Fleur","R4,200,000",Ben Fleur,Witbank,Vacant Land,,,,,,,Willa Lombard,082 566 1354; 013 590 0665,[082 566 1354](https://wa.me/27825661354),,https://www.appleproperty.co.za/results/residential/for-sale/witbank/ben-fleur/vacant-land/846513/
buy,AP10459,Gated Estate For Sale in Boschkop AH,"R950,000",Boschkop Ah,Pretoria,Gated Estate,,,,,,,Koos Smit,082 555 4776; 012 348 0123,[082 555 4776](https://wa.me/27825554776),,https://www.appleproperty.co.za/results/residential/for-sale/pretoria/boschkop-ah/gated-estate/851750/
buy,AP18892,6 Bedroom House For Sale in Zwavelpoort AH,"R4,950,000",Zwavelpoort Ah,Pretoria,House,6,3.5,,,,,Koos Smit,082 555 4776; 012 348 0123,[082 555 4776](https://wa.me/27825554776),,https://www.appleproperty.co.za/results/residential/for-sale/pretoria/zwavelpoort-ah/house/851768/
buy,AP23846,2 Bedroom Sectional Title For Sale in Mookgopong,"R500,000",Mookgopong,Mookgopong,Sectional Title,2,1,,,,,Erinda Van Aswegen,072 542 7373,[072 542 7373](https://wa.me/27725427373),,https://www.appleproperty.co.za/results/residential/for-sale/mookgopong/mookgopong/sectional-title/3030195/
buy,AP22217,3 Bedroom Townhouse For Sale in Die Heuwel,"R1,399,000",Die Heuwel,Witbank,Townhouse,3,2.5,,,,,Willa Lombard,082 566 1354; 013 590 0665,[082 566 1354](https://wa.me/27825661354),,https://www.appleproperty.co.za/results/residential/for-sale/witbank/die-heuwel/townhouse/1664663/
buy,AP23686,4 Bedroom House For Sale in Del Judor,"R1,798,000",Del Judor,Witbank,House,4,2,,,,,Milena Kanka,013 590 0665,,,https://www.appleproperty.co.za/results/residential/for-sale/witbank/del-judor/house/2963094/
buy,AP23701,2 Bedroom Retirement Unit For Sale in Bela Bela,"R795,000",Bela Bela,Bela Bela,Retirement Unit,2,1,,,,,Margaret Horton,078 331 5590; 065 851 0009,[078 331 5590](https://wa.me/27783315590); [065 851 0009](https://wa.me/27658510009),retirement,https://www.appleproperty.co.za/results/residential/for-sale/bela-bela/bela-bela/retirement-unit/2969710/
buy,AP23914,3 Bedroom House For Sale in Waterkloof,"R4,600,000",Waterkloof,Pretoria,House,3,2,,,,,Vivienne Doeg,082 301 6767; 012 348 0123,[082 301 6767](https://wa.me/27823016767),,https://www.appleproperty.co.za/results/residential/for-sale/pretoria/waterkloof/house/3069548/
buy,AP23450,4 Bedroom House For Sale in Brooklands Lifestyle Estate,"R3,550,000",Brooklands Lifestyle Estate,Centurion,House,4,4,,,,"3052 Plate Thorne Crescent, Brooklands Lifestyle Estate, Centurion",Shogan Naidoo,072 430 6757,[072 430 6757](https://wa.me/27724306757),,https://www.appleproperty.co.za/results/residential/for-sale/centurion/brooklands-lifestyle-estate/house/2832908/3052-plate-thorne-crescent/
buy,AP20127,2 Bedroom Apartment For Sale in Mookgopong,"R590,000",Mookgopong,Mookgopong,Apartment,2,2,,,,,Erinda Van Aswegen,072 542 7373,[072 542 7373](https://wa.me/27725427373),,https://www.appleproperty.co.za/results/residential/for-sale/mookgopong/mookgopong/apartment/844088/
buy,AP24048,2 Bedroom Townhouse For Sale in Equestria,"R1,149,000",Equestria,Pretoria,Townhouse,2,1,,,,"Call now to secure your viewing of this beautiful, single storey townhouse in the heart of Equestria, Pretoria East.",Hannelize Wilken,084 580 8700; 012 348 0123,[084 580 8700](https://wa.me/27845808700),,https://www.appleproperty.co.za/results/residential/for-sale/pretoria/equestria/townhouse/3134725/
buy,AP23270,889m2 Vacant Land For Sale in Silverwoods Country Estate,"R2,500,000",Silverwoods Country Estate,Pretoria,Vacant Land,,,,,,,,072 440 1788; 012 348 0123,[072 440 1788](https://wa.me/27724401788),,https://www.appleproperty.co.za/results/residential/for-sale/pretoria/silverwoods-country-estate/vacant-land/2718383/
buy,AP22380,3 Bedroom House For Sale in Mookgopong,"R2,460,000",Mookgopong,Mookgopong,House,3,2,,,,,Erinda Van Aswegen,072 542 7373,[072 542 7373](https://wa.me/27725427373),,https://www.appleproperty.co.za/results/residential/for-sale/mookgopong/mookgopong/house/1750600/
buy,AP23321,936m2 Vacant Land For Sale in Silver Lakes Golf Estate,"R3,800,000",Silver Lakes Golf Estate,Pretoria,Vacant Land,,,,,,,,072 440 1788; 012 348 0123,[072 440 1788](https://wa.me/27724401788),,https://www.appleproperty.co.za/results/residential/for-sale/pretoria/silver-lakes-golf-estate/vacant-land/2740933/
buy,AP23993,3 Bedroom House For Sale in Equestria,"R1,990,000",Equestria,Pretoria,House,3,2,,,,"Immerse yourself in the luxury of this turnkey property in the heart of Equestria, Pretoria East!",Hannelize Wilken,084 580 8700; 012 348 0123,[084 580 8700](https://wa.me/27845808700),,https://www.appleproperty.co.za/results/residential/for-sale/pretoria/equestria/house/3105589/
buy,AP24129,1.50Ha Vacant Land For Sale in Buffelspoort Eco Estate,"R430,000",Buffelspoort Eco Estate,Bela Bela,Vacant Land,,,,,,,Margaret Horton,078 331 5590; 065 851 0009,[078 331 5590](https://wa.me/27783315590); [065 851 0009](https://wa.me/27658510009),,https://www.appleproperty.co.za/results/residential/for-sale/bela-bela/buffelspoort-eco-estate/vacant-land/3168978/
buy,AP23363,4 Bedroom House For Sale in Mookgopong,"R2,200,000",Mookgopong,Mookgopong,House,4,3,,,,,Erinda Van Aswegen,072 542 7373,[072 542 7373](https://wa.me/27725427373),,https://www.appleproperty.co.za/results/residential/for-sale/mookgopong/mookgopong/house/2783451/
buy,AP23358,2 Bedroom Duplex For Sale in Centurion Golf Estate,"R2,890,000",Centurion Golf Estate,Centurion,Duplex,2,2,,,,,Magde Meyer,083 387 3437; 012 940 0099,[083 387 3437](https://wa.me/27833873437),,https://www.appleproperty.co.za/results/residential/for-sale/centurion/centurion-golf-estate/duplex/2782089/
buy,AP21396,3 Bedroom House For Sale in Grootfontein AH,"R5,750,000",Grootfontein Ah,Pretoria,House,3,3,,,,,Koos Smit,082 555 4776; 012 348 0123,[082 555 4776](https://wa.me/27825554776),,https://www.appleproperty.co.za/results/residential/for-sale/pretoria/grootfontein-ah/house/1208337/
buy,AP24117,2 Bedroom Simplex For Sale in Rietvlei Ridge Country Estate,"R1,490,000",Rietvlei Ridge Country Estate,Pretoria,Simplex,2,1,,,,,Melanie Burrell,082 653 5568; 012 940 0099,[082 653 5568](https://wa.me/27826535568),,https://www.appleproperty.co.za/results/residential/for-sale/pretoria/rietvlei-ridge-country-estate/simplex/3166637/
buy,AP23452,1 Bedroom Retirement Unit For Sale in Equestria,"R890,000",Equestria,Pretoria,Retirement Unit,1,1,,,,,Hannelize Wilken,084 580 8700; 012 348 0123,[084 580 8700](https://wa.me/27845808700),retirement; assisted-living,https://www.appleproperty.co.za/results/residential/for-sale/pretoria/equestria/retirement-unit/2833386/
buy,AP23908,2 Bedroom Retirement Unit For Sale in Equestria,"R1,295,000",Equestria,Pretoria,Retirement Unit,2,1,,,,,Hannelize Wilken,084 580 8700; 012 348 0123,[084 580 8700](https://wa.me/27845808700),retirement; assisted-living,https://www.appleproperty.co.za/results/residential/for-sale/pretoria/equestria/retirement-unit/3054383/
buy,AP24028,2 Bedroom Townhouse For Sale in Bela Bela,"R750,000",Bela Bela,Bela Bela,Townhouse,2,1,,,,,,065 921 3851; 065 851 0009,[065 921 3851](https://wa.me/27659213851); [065 851 0009](https://wa.me/27658510009),retirement,https://www.appleproperty.co.za/results/residential/for-sale/bela-bela/bela-bela/townhouse/3121994/
buy,AP23950,3 Bedroom Package Home For Sale in Silver Lakes,"R4,341,000",Silver Lakes,Pretoria,Package Home,3,2,,,,,,072 440 1788; 012 348 0123,[072 440 1788](https://wa.me/27724401788),retirement,https://www.appleproperty.co.za/results/residential/for-sale/pretoria/silver-lakes/package-home/3080627/
buy,AP23272,889m2 Vacant Land For Sale in Silverwoods Country Estate,"R2,500,000",Silverwoods Country Estate,Pretoria,Vacant Land,,,,,,,,072 440 1788; 012 348 0123,[072 440 1788](https://wa.me/27724401788),,https://www.appleproperty.co.za/results/residential/for-sale/pretoria/silverwoods-country-estate/vacant-land/2718442/
buy,AP22641,2 Bedroom Apartment For Sale in Menlyn,"R1,100,000",Menlyn,Pretoria,Apartment,2,1,,,,,,061 409 4722; 012 348 0123,[061 409 4722](https://wa.me/27614094722),,https://www.appleproperty.co.za/results/residential/for-sale/pretoria/menlyn/apartment/1844985/
buy,AP24080,2 Bedroom Duplex For Sale in Pretoriuspark,"R1,070,000",Pretoriuspark,Pretoria,Duplex,2,2,,,,,Liezl Janse Van Rensburg,084 851 0492; 012 348 0123,[084 851 0492](https://wa.me/27848510492),,https://www.appleproperty.co.za/results/residential/for-sale/pretoria/pretoriuspark/duplex/3144615/
buy,AP24043,"1,271m2 Vacant Land For Sale in Bankenveld Golf Estate","R1,350,000",Bankenveld Golf Estate,Witbank,Vacant Land,,,,,,,Charlotte Erasmus,082 444 5332; 013 590 0665,[082 444 5332](https://wa.me/27824445332),,https://www.appleproperty.co.za/results/residential/for-sale/witbank/bankenveld-golf-estate/vacant-land/3130894/
buy,AP6536,2 Bedroom Apartment For Sale in Del Judor,"R699,000",Del Judor,Witbank,Apartment,2,1,,,,,Willa Lombard,082 566 1354; 013 590 0665,[082 566 1354](https://wa.me/27825661354),,https://www.appleproperty.co.za/results/residential/for-sale/witbank/del-judor/apartment/845542/
buy,AP21015,43Ha Farm For Sale in Mookgopong,"R3,230,000",Mookgopong,Mookgopong,Farm,2,1,,,,,Erinda Van Aswegen,072 542 7373,[072 542 7373](https://wa.me/27725427373),,https://www.appleproperty.co.za/results/residential/for-sale/mookgopong/mookgopong/farm/1075158/
buy,AP23634,"32,200m2 Vacant Land For Sale in Olympus AH","R7,380,000",Olympus Ah,Pretoria,Vacant Land,,,,,,"454 Achylles str, Olympus AH, Pretoria",Koos Smit,082 555 4776; 012 348 0123,[082 555 4776](https://wa.me/27825554776),,https://www.appleproperty.co.za/results/residential/for-sale/pretoria/olympus-ah/vacant-land/2937573/454-achylles-str/
buy,AP23976,8.50Ha Smallholding For Sale in Bela Bela Rural,"R3,392,000",Bela Bela Rural,Bela Bela,Smallholding,15,8,,,,,Street View,062 568 0285; 065 851 0009,[062 568 0285](https://wa.me/27625680285); [065 851 0009](https://wa.me/27658510009),,https://www.appleproperty.co.za/results/residential/for-sale/bela-bela/bela-bela-rural/smallholding/3092583/
buy,AP23279,868m2 Vacant Land For Sale in Silverwoods Country Estate,"R2,500,000",Silverwoods Country Estate,Pretoria,Vacant Land,,,,,,,,072 440 1788; 012 348 0123,[072 440 1788](https://wa.me/27724401788),,https://www.appleproperty.co.za/results/residential/for-sale/pretoria/silverwoods-country-estate/vacant-land/2718721/
buy,AP23934,3 Bedroom Retirement Unit For Sale in Die Hoewes,"R1,595,000",Die Hoewes,Centurion,Retirement Unit,3,1,,,,,Magde Meyer,083 387 3437; 012 940 0099,[083 387 3437](https://wa.me/27833873437),retirement; assisted-living,https://www.appleproperty.co.za/results/residential/for-sale/centurion/die-hoewes/retirement-unit/3079333/
buy,AP16051,1 Bedroom Apartment For Sale in Hatfield,"R780,000",Hatfield,Pretoria,Apartment,1,1,,,,,Rita Fitzgerald,083 228 9633; 012 348 0123,[083 228 9633](https://wa.me/27832289633),,https://www.appleproperty.co.za/results/residential/for-sale/pretoria/hatfield/apartment/846211/
buy,AP22725,"42,000m2 Smallholding For Sale in Tiegerpoort AH","R12,950,000",Tiegerpoort Ah,Pretoria,Smallholding,17,12,,,,,Koos Smit,082 555 4776; 012 348 0123,[082 555 4776](https://wa.me/27825554776),,https://www.appleproperty.co.za/results/residential/for-sale/pretoria/tiegerpoort-ah/smallholding/2183029/
buy,AP23898,3 Bedroom Townhouse For Sale in Val De Grace,"R1,249,000",Val De Grace,Pretoria,Townhouse,3,2.5,,,,,Hannelize Wilken,084 580 8700; 012 348 0123,[084 580 8700](https://wa.me/27845808700),,https://www.appleproperty.co.za/results/residential/for-sale/pretoria/val-de-grace/townhouse/3049633/
buy,AP15008,335Ha Farm For Sale in Mookgopong,"R24,650,000",Mookgopong,Mookgopong,Farm,4,3,,,,,Erinda Van Aswegen,072 542 7373,[072 542 7373](https://wa.me/27725427373),,https://www.appleproperty.co.za/results/residential/for-sale/mookgopong/mookgopong/farm/846100/
buy,AP23030,6 Bedroom House For Sale in Six Fountains Residential Estate,"R12,500,000",Six Fountains Residential Estate,Pretoria,House,6,6.5,,,,,,072 440 1788; 012 348 0123,[072 440 1788](https://wa.me/27724401788),,https://www.appleproperty.co.za/results/residential/for-sale/pretoria/six-fountains-residential-estate/house/2378236/
buy,AP23948,2 Bedroom Package Home For Sale in Hazeldean,"R5,265,000",Hazeldean,Pretoria,Package Home,2,2.5,,,,,,072 440 1788; 012 348 0123,[072 440 1788](https://wa.me/27724401788),retirement,https://www.appleproperty.co.za/results/residential/for-sale/pretoria/hazeldean/package-home/3080542/
buy,AP22844,2 Bedroom House For Sale in Waterkloof,"R4,700,000",Waterkloof,Pretoria,House,2,2,,,,,Vivienne Doeg,082 301 6767; 012 348 0123,[082 301 6767](https://wa.me/27823016767),,https://www.appleproperty.co.za/results/residential/for-sale/pretoria/waterkloof/house/2264787/
buy,AP24022,5 Bedroom Guest House For Sale in Bela Bela,"R3,200,000",Bela Bela,Bela Bela,Guest House,5,4,,,,,Margaret Horton,078 331 5590; 065 851 0009,[078 331 5590](https://wa.me/27783315590); [065 851 0009](https://wa.me/27658510009),,https://www.appleproperty.co.za/results/residential/for-sale/bela-bela/bela-bela/guest-house/3119543/
buy,AP23444,4 Bedroom Sectional Title For Sale in Mookgopong,"R1,060,000",Mookgopong,Mookgopong,Sectional Title,4,2,,,,,Erinda Van Aswegen,072 542 7373,[072 542 7373](https://wa.me/27725427373),retirement,https://www.appleproperty.co.za/results/residential/for-sale/mookgopong/mookgopong/sectional-title/2830854/
buy,AP23921,8.50Ha Smallholding For Sale in Bela Bela Rural,"R1,855,000",Bela Bela Rural,Bela Bela,Smallholding,2,2,,,,,,062 568 0285; 065 851 0009,[062 568 0285](https://wa.me/27625680285); [065 851 0009](https://wa.me/27658510009),,https://www.appleproperty.co.za/results/residential/for-sale/bela-bela/bela-bela-rural/smallholding/3073544/
buy,AP9158,15Ha Vacant Land For Sale in Mookgopong,"R1,050,000",Mookgopong,Mookgopong,Vacant Land,,,,,,,Erinda Van Aswegen,072 542 7373,[072 542 7373](https://wa.me/27725427373),,https://www.appleproperty.co.za/results/residential/for-sale/mookgopong/mookgopong/vacant-land/845672/
buy,AP22960,4 Bedroom House For Sale in Mookgopong,"R2,220,000",Mookgopong,Mookgopong,House,4,2,,,,,Erinda Van Aswegen,072 542 7373,[072 542 7373](https://wa.me/27725427373),,https://www.appleproperty.co.za/results/residential/for-sale/mookgopong/mookgopong/house/2342771/
buy,AP23783,756m2 Vacant Land For Sale in Six Fountains Residential Estate,"R2,400,000",Six Fountains Residential Estate,Pretoria,Vacant Land,,,,,,,,072 440 1788; 012 348 0123,[072 440 1788](https://wa.me/27724401788),,https://www.appleproperty.co.za/results/residential/for-sale/pretoria/six-fountains-residential-estate/vacant-land/3013589/
buy,AP23970,2 Bedroom Apartment For Sale in Waterkloof,"R1,999,000",Waterkloof,Pretoria,Apartment,2,2,,,,,Vivienne Doeg,082 301 6767; 012 348 0123,[082 301 6767](https://wa.me/27823016767),,https://www.appleproperty.co.za/results/residential/for-sale/pretoria/waterkloof/apartment/3088135/
buy,AP22717,3 Bedroom Townhouse For Sale in Olympus AH,"R2,650,000",Olympus Ah,Pretoria,Townhouse,3,2,,,,,,061 409 4722; 012 348 0123,[061 409 4722](https://wa.me/27614094722),,https://www.appleproperty.co.za/results/residential/for-sale/pretoria/olympus-ah/townhouse/2179917/
buy,AP23160,3 Bedroom Duplex For Sale in Silverton,"R1,250,000",Silverton,Pretoria,Duplex,3,2,,,,"64 Autunm View, 2 Presedent, Silverton, Pretoria",Marianne Kenny,072 456 1802; 012 348 0123,[072 456 1802](https://wa.me/27724561802),,https://www.appleproperty.co.za/results/residential/for-sale/pretoria/silverton/duplex/2474568/64-autunm-view-2-presedent/
buy,AP24001,3 Bedroom House For Sale in Equestria,"R2,795,000",Equestria,Pretoria,House,3,2.5,,,,,Hannelize Wilken,084 580 8700; 012 348 0123,[084 580 8700](https://wa.me/27845808700),,https://www.appleproperty.co.za/results/residential/for-sale/pretoria/equestria/house/3111501/
buy,AP23723,5 Bedroom House For Sale in Blue Valley Golf Estate,"R7,599,000",Blue Valley Golf Estate,Centurion,House,5,7,,,,"1930 Edinburgh Street, Blue Valley Golf Estate, Centurion",Shogan Naidoo,072 430 6757,[072 430 6757](https://wa.me/27724306757),,https://www.appleproperty.co.za/results/residential/for-sale/centurion/blue-valley-golf-estate/house/2977902/1930-edinburgh-street/
buy,AP23963,4 Bedroom House For Sale in Waterkloof,"R6,500,000",Waterkloof,Pretoria,House,4,3,,,,,Vivienne Doeg,082 301 6767; 012 348 0123,[082 301 6767](https://wa.me/27823016767),,https://www.appleproperty.co.za/results/residential/for-sale/pretoria/waterkloof/house/3084437/
buy,AP23752,2 Bedroom Sectional Title For Sale in Bela Bela,"R750,000",Bela Bela,Bela Bela,Sectional Title,2,1,,,,,Margaret Horton,078 331 5590; 065 851 0009,[078 331 5590](https://wa.me/27783315590); [065 851 0009](https://wa.me/27658510009),,https://www.appleproperty.co.za/results/residential/for-sale/bela-bela/bela-bela/sectional-title/2994386/
buy,AP23873,4 Bedroom House For Sale in Waterkloof Heights,"R4,975,000",Waterkloof Heights,Pretoria,House,4,5,,,,,Vivienne Doeg,082 301 6767; 012 348 0123,[082 301 6767](https://wa.me/27823016767),,https://www.appleproperty.co.za/results/residential/for-sale/pretoria/waterkloof-heights/house/3038252/
buy,AP24090,6 Bedroom House For Sale in Valley View Estate,"R5,950,000",Valley View Estate,Centurion,House,6,5.5,,,,,Shogan Naidoo,072 430 6757,[072 430 6757](https://wa.me/27724306757),,https://www.appleproperty.co.za/results/residential/for-sale/centurion/valley-view-estate/house/3149092/
buy,AP21663,20 Bedroom Lodge For Sale in Mookgopong,"R4,300,000",Mookgopong,Mookgopong,Lodge,20,20,,,,,Erinda Van Aswegen,072 542 7373,[072 542 7373](https://wa.me/27725427373),,https://www.appleproperty.co.za/results/residential/for-sale/mookgopong/mookgopong/lodge/1281059/
buy,AP22688,2 Bedroom Townhouse For Sale in Bela-Bela Ext 5,"R1,700,000",Bela Bela Ext 5,Bela Bela,Townhouse,2,2,,,,,Margaret Horton,078 331 5590; 065 851 0009,[078 331 5590](https://wa.me/27783315590); [065 851 0009](https://wa.me/27658510009),,https://www.appleproperty.co.za/results/residential/for-sale/bela-bela/bela-bela-ext-5/townhouse/1860010/
buy,AP24101,3 Bedroom House For Sale in Lynnwood Ridge,"R4,280,000",Lynnwood Ridge,Pretoria,House,3,2.5,,,,,Andre Sciocatti,082 930 7386; 012 348 0123,[082 930 7386](https://wa.me/27829307386),,https://www.appleproperty.co.za/results/residential/for-sale/pretoria/lynnwood-ridge/house/3155348/
buy,AP19224,3 Bedroom House For Sale in Brooklyn,"R3,490,000",Brooklyn,Pretoria,House,3,2,,,,,Rina Verryne,083 269 0085; 012 348 0123,[083 269 0085](https://wa.me/27832690085),,https://www.appleproperty.co.za/results/residential/for-sale/pretoria/brooklyn/house/844221/
buy,AP19857,4 Bedroom House For Sale in Model Park,"R2,950,000",Model Park,Witbank,House,4,3.5,,,,,Willa Lombard,082 566 1354; 013 590 0665,[082 566 1354](https://wa.me/27825661354),,https://www.appleproperty.co.za/results/residential/for-sale/witbank/model-park/house/846549/
buy,AP23284,930m2 Vacant Land For Sale in Silverwoods Country Estate,"R2,500,000",Silverwoods Country Estate,Pretoria,Vacant Land,,,,,,,,072 440 1788; 012 348 0123,[072 440 1788](https://wa.me/27724401788),,https://www.appleproperty.co.za/results/residential/for-sale/pretoria/silverwoods-country-estate/vacant-land/2718861/
buy,AP23286,947m2 Vacant Land For Sale in Silverwoods Country Estate,"R2,500,000",Silverwoods Country Estate,Pretoria,Vacant Land,,,,,,,,072 440 1788; 012 348 0123,[072 440 1788](https://wa.me/27724401788),,https://www.appleproperty.co.za/results/residential/for-sale/pretoria/silverwoods-country-estate/vacant-land/2718906/
buy,AP24037,3 Bedroom Gated Estate For Sale in Buffelspoort Eco Estate,"R2,650,000",Buffelspoort Eco Estate,Modimolle,Gated Estate,3,3,,,,,,082 490 7659; 065 851 0009,[082 490 7659](https://wa.me/27824907659); [065 851 0009](https://wa.me/27658510009),,https://www.appleproperty.co.za/results/residential/for-sale/modimolle/buffelspoort-eco-estate/gated-estate/3126888/
buy,AP23245,2 Bedroom Retirement Unit For Sale in Bela Bela,"R860,000",Bela Bela,Bela Bela,Retirement Unit,2,1,,,,,Margaret Horton,078 331 5590; 065 851 0009,[078 331 5590](https://wa.me/27783315590); [065 851 0009](https://wa.me/27658510009),retirement,https://www.appleproperty.co.za/results/residential/for-sale/bela-bela/bela-bela/retirement-unit/2618806/
buy,AP22030,5 Bedroom Freestanding For Sale in Shona Langa,"R3,730,000",Shona Langa,Thabazimbi,Freestanding,5,5,,,,,Margaret Horton,078 331 5590; 065 851 0009,[078 331 5590](https://wa.me/27783315590); [065 851 0009](https://wa.me/27658510009),,https://www.appleproperty.co.za/results/residential/for-sale/thabazimbi/shona-langa/freestanding/1501323/
buy,AP24041,5.20Ha Farm For Sale in Bela Bela,"R3,390,000",Bela Bela,Bela Bela,Farm,7,3.5,,,,,,082 490 7659; 065 851 0009,[082 490 7659](https://wa.me/27824907659); [065 851 0009](https://wa.me/27658510009),,https://www.appleproperty.co.za/results/residential/for-sale/bela-bela/bela-bela/farm/3130270/
buy,AP24135,3 Bedroom Duet For Sale in Centurion Golf Estate,"R2,900,000",Centurion Golf Estate,Centurion,Duet,3,2,,,,,Magde Meyer,083 387 3437; 012 940 0099,[083 387 3437](https://wa.me/27833873437),,https://www.appleproperty.co.za/results/residential/for-sale/centurion/centurion-golf-estate/duet/3170379/
buy,AP23741,3 Bedroom Freestanding For Sale in Kosmosdal,"R2,000,000",Kosmosdal,Centurion,Freestanding,3,2.5,,,,"6830 Waterberg Drive, Kosmosdal, Centurion",Shogan Naidoo,072 430 6757,[072 430 6757](https://wa.me/27724306757),,https://www.appleproperty.co.za/results/residential/for-sale/centurion/kosmosdal/freestanding/2987306/6830-waterberg-drive/
buy,AP23066,2 Bedroom Sectional Title For Sale in Mookgopong,"R790,000",Mookgopong,Mookgopong,Sectional Title,2,2,,,,,Erinda Van Aswegen,072 542 7373,[072 542 7373](https://wa.me/27725427373),,https://www.appleproperty.co.za/results/residential/for-sale/mookgopong/mookgopong/sectional-title/2397045/
buy,AP23757,3 Bedroom Duet For Sale in Moreleta Park,"R2,995,000",Moreleta Park,Pretoria,Duet,3,2,,,,,Herman Van Rooy,082 494 1449; 012 348 0123,[082 494 1449](https://wa.me/27824941449),,https://www.appleproperty.co.za/results/residential/for-sale/pretoria/moreleta-park/duet/2996301/
buy,AP19365,0.5 Bedroom Apartment For Sale in Hatfield,"R690,000",Hatfield,Pretoria,Apartment,0.5,1,,,,,Rita Fitzgerald,083 228 9633; 012 348 0123,[083 228 9633](https://wa.me/27832289633),,https://www.appleproperty.co.za/results/residential/for-sale/pretoria/hatfield/apartment/845460/
buy,AP22560,4 Bedroom House For Sale in Waterkloof Ridge,"R3,900,000",Waterkloof Ridge,Pretoria,House,4,3,,,,,Vivienne Doeg,082 301 6767; 012 348 0123,[082 301 6767](https://wa.me/27823016767),,https://www.appleproperty.co.za/results/residential/for-sale/pretoria/waterkloof-ridge/house/1813237/
buy,AP18711,5 Bedroom House For Sale in Zwavelpoort AH,"R10,900,000",Zwavelpoort Ah,Pretoria,House,5,5,,,,,Koos Smit,082 555 4776; 012 348 0123,[082 555 4776](https://wa.me/27825554776),,https://www.appleproperty.co.za/results/residential/for-sale/pretoria/zwavelpoort-ah/house/851739/
buy,AP23997,3 Bedroom House For Sale in Pierre Van Ryneveld,"R1,640,000",Pierre Van Ryneveld,Centurion,House,3,1,,,,,Lenie Visage,083 259 5342; 012 348 0123; 084 870 1465,[083 259 5342](https://wa.me/27832595342); [084 870 1465](https://wa.me/27848701465),,https://www.appleproperty.co.za/results/residential/for-sale/centurion/pierre-van-ryneveld/house/3106820/
buy,AP23457,2 Bedroom Apartment For Sale in Bela Bela,"R450,000",Bela Bela,Bela Bela,Apartment,2,1,,,,,Margaret Horton,078 331 5590; 065 851 0009,[078 331 5590](https://wa.me/27783315590); [065 851 0009](https://wa.me/27658510009),,https://www.appleproperty.co.za/results/residential/for-sale/bela-bela/bela-bela/apartment/2838078/
buy,AP23018,2 Bedroom House For Sale in Mookgopong,"R680,000",Mookgopong,Mookgopong,House,2,1,,,,,Erinda Van Aswegen,072 542 7373,[072 542 7373](https://wa.me/27725427373),retirement; assisted-living,https://www.appleproperty.co.za/results/residential/for-sale/mookgopong/mookgopong/house/2372464/
buy,AP23275,909m2 Vacant Land For Sale in Silverwoods Country Estate,"R2,000,000",Silverwoods Country Estate,Pretoria,Vacant Land,,,,,,,,072 440 1788; 012 348 0123,[072 440 1788](https://wa.me/27724401788),,https://www.appleproperty.co.za/results/residential/for-sale/pretoria/silverwoods-country-estate/vacant-land/2718589/
buy,AP24139,2 Bedroom Apartment For Sale in Olympus AH,"R975,000",Olympus Ah,Pretoria,Apartment,2,1,,,,,Fransie Pienaar,082 338 3037; 012 348 0123,[082 338 3037](https://wa.me/27823383037),,https://www.appleproperty.co.za/results/residential/for-sale/pretoria/olympus-ah/apartment/3175655/
buy,AP21294,3 Bedroom Penthouse For Sale in Menlo Park,"R2,985,000",Menlo Park,Pretoria,Penthouse,3,3,,,,,Marianne Kenny,072 456 1802; 012 348 0123,[072 456 1802](https://wa.me/27724561802),,https://www.appleproperty.co.za/results/residential/for-sale/pretoria/menlo-park/penthouse/1180166/
buy,AP22783,2 Bedroom Compound For Sale in Glen Austin AH,"R4,700,000",Glen Austin Ah,Midrand,Compound,2,7,,,,"30 Celliers Street, Glen Austin AH, Midrand",Shogan Naidoo,072 430 6757,[072 430 6757](https://wa.me/27724306757),,https://www.appleproperty.co.za/results/residential/for-sale/midrand/glen-austin-ah/compound/2203129/30-celliers-street/
buy,AP23072,2 Bedroom House For Sale in Mookgopong,"R1,200,000",Mookgopong,Mookgopong,House,2,2,,,,,Erinda Van Aswegen,072 542 7373,[072 542 7373](https://wa.me/27725427373),,https://www.appleproperty.co.za/results/residential/for-sale/mookgopong/mookgopong/house/2408105/
buy,AP23988,4 Bedroom House For Sale in Waterkloof,"R6,150,000",Waterkloof,Pretoria,House,4,4,,,,,Vivienne Doeg,082 301 6767; 012 348 0123,[082 301 6767](https://wa.me/27823016767),,https://www.appleproperty.co.za/results/residential/for-sale/pretoria/waterkloof/house/3104169/
buy,AP24103,3 Bedroom Freehold For Sale in Lynnwood Manor,"R3,550,000",Lynnwood Manor,Pretoria,Freehold,3,2,,,,,Este Moolman,083 268 0736; 012 348 0123,[083 268 0736](https://wa.me/27832680736),,https://www.appleproperty.co.za/results/residential/for-sale/pretoria/lynnwood-manor/freehold/3156609/
buy,AP21939,3 Bedroom Sectional Title For Sale in Mookgopong,"R990,000",Mookgopong,Mookgopong,Sectional Title,3,2,,,,,Erinda Van Aswegen,072 542 7373,[072 542 7373](https://wa.me/27725427373),,https://www.appleproperty.co.za/results/residential/for-sale/mookgopong/mookgopong/sectional-title/1447924/
buy,AP23785,"1,689m2 Vacant Land For Sale in Six Fountains Residential Estate","R3,350,000",Six Fountains Residential Estate,Pretoria,Vacant Land,,,,,,,,072 440 1788; 012 348 0123,[072 440 1788](https://wa.me/27724401788),,https://www.appleproperty.co.za/results/residential/for-sale/pretoria/six-fountains-residential-estate/vacant-land/3013610/
buy,AP24096,2 Bedroom Sectional Title For Sale in Elarduspark,"R1,235,000",Elarduspark,Pretoria,Sectional Title,2,1,,,,,Retha Veldsman,082 928 7803; 012 348 0123,[082 928 7803](https://wa.me/27829287803),,https://www.appleproperty.co.za/results/residential/for-sale/pretoria/elarduspark/sectional-title/3151348/
buy,AP23278,868m2 Vacant Land For Sale in Silverwoods Country Estate,"R2,500,000",Silverwoods Country Estate,Pretoria,Vacant Land,,,,,,,,072 440 1788; 012 348 0123,[072 440 1788](https://wa.me/27724401788),,https://www.appleproperty.co.za/results/residential/for-sale/pretoria/silverwoods-country-estate/vacant-land/2718686/
buy,AP24108,3 Bedroom Retirement Unit For Sale in Equestria,"R1,990,000",Equestria,Pretoria,Retirement Unit,3,2,,,,,Hannelize Wilken,084 580 8700; 012 348 0123,[084 580 8700](https://wa.me/27845808700),retirement; assisted-living,https://www.appleproperty.co.za/results/residential/for-sale/pretoria/equestria/retirement-unit/3158824/
buy,AP21632,4 Bedroom House For Sale in Bela Bela,"R1,600,000",Bela Bela,Bela Bela,House,4,3,,,,,Margaret Horton,078 331 5590; 065 851 0009,[078 331 5590](https://wa.me/27783315590); [065 851 0009](https://wa.me/27658510009),,https://www.appleproperty.co.za/results/residential/for-sale/bela-bela/bela-bela/house/1259450/
buy,AP22914,6 Bedroom House For Sale in Six Fountains Residential Estate,"R12,000,000",Six Fountains Residential Estate,Pretoria,House,6,6.5,,,,,,072 440 1788; 012 348 0123,[072 440 1788](https://wa.me/27724401788),,https://www.appleproperty.co.za/results/residential/for-sale/pretoria/six-fountains-residential-estate/house/2331887/
buy,AP24110,3 Bedroom House For Sale in Reyno Ridge,"R2,750,000",Reyno Ridge,Witbank,House,3,2.5,,,,,Coleen Fourie,072 428 8144; 013 590 0665,[072 428 8144](https://wa.me/27724288144),,https://www.appleproperty.co.za/results/residential/for-sale/witbank/reyno-ridge/house/3161210/
buy,AP23990,4 Bedroom House For Sale in Pierre Van Ryneveld,"R2,450,000",Pierre Van Ryneveld,Centurion,House,4,3,,,,,Lenie Visage,083 259 5342; 012 348 0123; 084 870 1465,[083 259 5342](https://wa.me/27832595342); [084 870 1465](https://wa.me/27848701465),,https://www.appleproperty.co.za/results/residential/for-sale/centurion/pierre-van-ryneveld/house/3104886/
buy,AP22540,1 Bedroom Apartment For Sale in Garsfontein,"R1,050,000",Garsfontein,Pretoria,Apartment,1,1,,,,"LIFE RIGHS-Luxury Retirement Estate 1 Bedroom Assisted Living Unit for Sale in Garsfontein, Pretoria",Vinette Smit,0826529627; 012 348 0123,[0826529627](https://wa.me/27826529627),retirement; assisted-living,https://www.appleproperty.co.za/results/residential/for-sale/pretoria/garsfontein/apartment/1809935/
buy,AP22746,5 Bedroom House For Sale in Model Park,"R4,200,000",Model Park,Witbank,House,5,4.5,,,,,Willa Lombard,082 566 1354; 013 590 0665,[082 566 1354](https://wa.me/27825661354),,https://www.appleproperty.co.za/results/residential/for-sale/witbank/model-park/house/2191142/
buy,AP22215,3 Bedroom House For Sale in Brooklands Lifestyle Estate,"R3,050,000",Brooklands Lifestyle Estate,Centurion,House,3,2.5,,,,"2997 Plate Thorn Crescent, Brooklands Lifestyle Estate, Centurion",Shogan Naidoo,072 430 6757,[072 430 6757](https://wa.me/27724306757),,https://www.appleproperty.co.za/results/residential/for-sale/centurion/brooklands-lifestyle-estate/house/1664610/2997-plate-thorn-crescent/
buy,AP23793,2 Bedroom Apartment For Sale in Pretoria Central,"R645,000",Pretoria Central,Pretoria,Apartment,2,2,,,,,Vinette Smit,0826529627; 012 348 0123,[0826529627](https://wa.me/27826529627),retirement,https://www.appleproperty.co.za/results/residential/for-sale/pretoria/pretoria-central/apartment/3016537/
buy,AP23927,3 Bedroom Simplex For Sale in Del Judor,"R1,600,000",Del Judor,Witbank,Simplex,3,2,,,,,Charlotte Erasmus,082 444 5332; 013 590 0665,[082 444 5332](https://wa.me/27824445332),,https://www.appleproperty.co.za/results/residential/for-sale/witbank/del-judor/simplex/3075244/
buy,AP21331,"50,000m2 Vacant Land For Sale in Zwavelpoort AH","R4,900,000",Zwavelpoort Ah,Pretoria,Vacant Land,,,,,,"1 Graham rd, Zwavelpoort AH, Pretoria",Koos Smit,082 555 4776; 012 348 0123,[082 555 4776](https://wa.me/27825554776),,https://www.appleproperty.co.za/results/residential/for-sale/pretoria/zwavelpoort-ah/vacant-land/1193879/1-graham-rd/
buy,AP23696,3 Bedroom Townhouse For Sale in La Montagne,"R1,695,000",La Montagne,Pretoria,Townhouse,3,2,,,,,Hannelize Wilken,084 580 8700; 012 348 0123,[084 580 8700](https://wa.me/27845808700),,https://www.appleproperty.co.za/results/residential/for-sale/pretoria/la-montagne/townhouse/2967578/
buy,AP20325,2 Bedroom Apartment For Sale in Menlyn,"R3,995,000",Menlyn,Pretoria,Apartment,2,2,,,,,Andre Sciocatti,082 930 7386; 012 348 0123,[082 930 7386](https://wa.me/27829307386),,https://www.appleproperty.co.za/results/residential/for-sale/pretoria/menlyn/apartment/862526/
buy,AP23892,4 Bedroom House For Sale in Waterkloof Ridge,"R7,500,000",Waterkloof Ridge,Pretoria,House,4,4,,,,,Vivienne Doeg,082 301 6767; 012 348 0123,[082 301 6767](https://wa.me/27823016767),,https://www.appleproperty.co.za/results/residential/for-sale/pretoria/waterkloof-ridge/house/3047689/
buy,AP24113,3 Bedroom Freehold For Sale in Wingate Park,"R2,400,000",Wingate Park,Pretoria,Freehold,3,2,,,,,Retha Veldsman,082 928 7803; 012 348 0123,[082 928 7803](https://wa.me/27829287803),,https://www.appleproperty.co.za/results/residential/for-sale/pretoria/wingate-park/freehold/3163516/
buy,AP19049,2 Bedroom House For Sale in Mookgopong,"R550,000",Mookgopong,Mookgopong,House,2,2,,,,,Erinda Van Aswegen,072 542 7373,[072 542 7373](https://wa.me/27725427373),,https://www.appleproperty.co.za/results/residential/for-sale/mookgopong/mookgopong/house/846182/
buy,AP20557,3 Bedroom House For Sale in Constantia Resort,"R1,300,000",Constantia Resort,Mookgopong,House,3,2,,,,,Erinda Van Aswegen,072 542 7373,[072 542 7373](https://wa.me/27725427373),,https://www.appleproperty.co.za/results/residential/for-sale/mookgopong/constantia-resort/house/904824/
buy,AP19814,"17,100m2 Smallholding For Sale in Shere","R8,545,000",Shere,Pretoria,Smallholding,4,2.5,,,,,Koos Smit,082 555 4776; 012 348 0123,[082 555 4776](https://wa.me/27825554776),,https://www.appleproperty.co.za/results/residential/for-sale/pretoria/shere/smallholding/851207/
buy,AP23949,2 Bedroom Package Home For Sale in Silver Lakes,"R5,465,000",Silver Lakes,Pretoria,Package Home,2,2.5,,,,,,072 440 1788; 012 348 0123,[072 440 1788](https://wa.me/27724401788),retirement,https://www.appleproperty.co.za/results/residential/for-sale/pretoria/silver-lakes/package-home/3080563/
buy,AP23285,898m2 Vacant Land For Sale in Silverwoods Country Estate,"R2,500,000",Silverwoods Country Estate,Pretoria,Vacant Land,,,,,,,,072 440 1788; 012 348 0123,[072 440 1788](https://wa.me/27724401788),,https://www.appleproperty.co.za/results/residential/for-sale/pretoria/silverwoods-country-estate/vacant-land/2718884/
buy,AP23311,"297,400m2 Farm For Sale in Mooiplaats AH","R9,200,000",Mooiplaats Ah,Pretoria,Farm,5,3,,,,"353 Groen pad, Mooiplaats AH, Pretoria",Koos Smit,082 555 4776; 012 348 0123,[082 555 4776](https://wa.me/27825554776),,https://www.appleproperty.co.za/results/residential/for-sale/pretoria/mooiplaats-ah/farm/2733584/353-groen-pad/
buy,AP23778,3 Bedroom Sectional Title For Sale in Ben Fleur,"R1,499,000",Ben Fleur,Witbank,Sectional Title,3,2,,,,,Charlotte Erasmus,082 444 5332; 013 590 0665,[082 444 5332](https://wa.me/27824445332),,https://www.appleproperty.co.za/results/residential/for-sale/witbank/ben-fleur/sectional-title/3012393/
buy,AP23027,67Ha Farm For Sale in Mookgopong,"R3,180,000",Mookgopong,Mookgopong,Farm,4,3,,,,,Erinda Van Aswegen,072 542 7373,[072 542 7373](https://wa.me/27725427373),,https://www.appleproperty.co.za/results/residential/for-sale/mookgopong/mookgopong/farm/2377151/
buy,AP20229,160Ha Farm For Sale in Mookgopong,"R10,600,000",Mookgopong,Mookgopong,Farm,3,3,,,,,Erinda Van Aswegen,072 542 7373,[072 542 7373](https://wa.me/27725427373),,https://www.appleproperty.co.za/results/residential/for-sale/mookgopong/mookgopong/farm/845094/
buy,AP24152,3 Bedroom Townhouse For Sale in Six Fountains Residential Estate,"R2,360,000",Six Fountains Residential Estate,Pretoria,Townhouse,3,2.5,,,,"777 ARVADA, 2205 Maries Place, Six Fountains Residential Estate, Pretoria",Fransie Pienaar,082 338 3037; 012 348 0123,[082 338 3037](https://wa.me/27823383037),,https://www.appleproperty.co.za/results/residential/for-sale/pretoria/six-fountains-residential-estate/townhouse/3184627/777-arvada-2205-maries-place/
buy,AP23966,3 Bedroom Package Home For Sale in Silver Lakes,"R5,919,000",Silver Lakes,Pretoria,Package Home,3,3.5,,,,,Andre Sciocatti,082 930 7386; 012 348 0123; 082 551 7990,[082 930 7386](https://wa.me/27829307386); [082 551 7990](https://wa.me/27825517990),retirement,https://www.appleproperty.co.za/results/residential/for-sale/pretoria/silver-lakes/package-home/3085284/
buy,AP22557,400m2 Vacant Land For Sale in Negester Klein-Kariba,"R700,000",Negester Klein Kariba,Bela Bela,Vacant Land,,,,,,,Margaret Horton,078 331 5590; 065 851 0009,[078 331 5590](https://wa.me/27783315590); [065 851 0009](https://wa.me/27658510009),retirement,https://www.appleproperty.co.za/results/residential/for-sale/bela-bela/negester-klein-kariba/vacant-land/1812850/
buy,AP23637,5 Bedroom House For Sale in Six Fountains Residential Estate,"R11,000,000",Six Fountains Residential Estate,Pretoria,House,5,5.5,,,,,,072 440 1788; 012 348 0123,[072 440 1788](https://wa.me/27724401788),,https://www.appleproperty.co.za/results/residential/for-sale/pretoria/six-fountains-residential-estate/house/2940682/
buy,AP24115,2 Bedroom Apartment Sold in Lynnwood Glen,"R750,000",Lynnwood Glen,Pretoria,Apartment,2,1,,,,,Este Moolman,083 268 0736; 012 348 0123,[083 268 0736](https://wa.me/27832680736),sold,https://www.appleproperty.co.za/results/residential/for-sale/pretoria/lynnwood-glen/apartment/3165231/
buy,AP15156,"2,161m2 Vacant Land For Sale in Ben Fleur","R4,500,000",Ben Fleur,Witbank,Vacant Land,,,,,,,Willa Lombard,082 566 1354; 013 590 0665,[082 566 1354](https://wa.me/27825661354),,https://www.appleproperty.co.za/results/residential/for-sale/witbank/ben-fleur/vacant-land/850092/
buy,AP23370,8.60Ha Vacant Land For Sale in Bela Bela Rural,"R560,000",Bela Bela Rural,Bela Bela,Vacant Land,,,,,,,Margaret Horton,078 331 5590; 065 851 0009,[078 331 5590](https://wa.me/27783315590); [065 851 0009](https://wa.me/27658510009),,https://www.appleproperty.co.za/results/residential/for-sale/bela-bela/bela-bela-rural/vacant-land/2784347/
buy,AP24100,1 Bedroom Apartment For Sale in Newlands,"R1,250,000",Newlands,Pretoria,Apartment,1,1,,,,,Petro Sciocatti,082 551 7990; 012 348 0123; 082 930 7386,[082 551 7990](https://wa.me/27825517990); [082 930 7386](https://wa.me/27829307386),retirement; assisted-living,https://www.appleproperty.co.za/results/residential/for-sale/pretoria/newlands/apartment/3153559/
buy,AP8606,4 Bedroom Golf Estate For Sale in Euphoria Golf Estate,"R3,700,000",Euphoria Golf Estate,Mookgopong,Golf Estate,4,3,,,,,Erinda Van Aswegen,072 542 7373,[072 542 7373](https://wa.me/27725427373),,https://www.appleproperty.co.za/results/residential/for-sale/mookgopong/euphoria-golf-estate/golf-estate/844042/
buy,AP24137,9.40Ha Smallholding For Sale in Bela Bela,"R2,625,000",Bela Bela,Bela Bela,Smallholding,9,5,,,,,Margaret Horton,078 331 5590; 065 851 0009,[078 331 5590](https://wa.me/27783315590); [065 851 0009](https://wa.me/27658510009),,https://www.appleproperty.co.za/results/residential/for-sale/bela-bela/bela-bela/smallholding/3175146/
buy,AP24102,"1,780Ha Farm For Sale in Alldays","R15,500,000",Alldays,Alldays,Farm,31,31,,,,,Erinda Van Aswegen,072 542 7373,[072 542 7373](https://wa.me/27725427373),,https://www.appleproperty.co.za/results/residential/for-sale/alldays/alldays/farm/3155622/
buy,AP22175,2 Bedroom Retirement Unit For Sale in Mookgopong,"R1,280,000",Mookgopong,Mookgopong,Retirement Unit,2,2,,,,,Erinda Van Aswegen,072 542 7373,[072 542 7373](https://wa.me/27725427373),retirement,https://www.appleproperty.co.za/results/residential/for-sale/mookgopong/mookgopong/retirement-unit/1632146/
buy,AP18614,2 Bedroom Retirement Unit For Sale in Equestria,"R985,000",Equestria,Pretoria,Retirement Unit,2,1,,,,,Hannelize Wilken,084 580 8700; 012 348 0123,[084 580 8700](https://wa.me/27845808700),retirement; assisted-living,https://www.appleproperty.co.za/results/residential/for-sale/pretoria/equestria/retirement-unit/845990/
buy,AP24112,2 Bedroom Sectional Title For Sale in Elarduspark,"R1,185,000",Elarduspark,Pretoria,Sectional Title,2,1,,,,,Retha Veldsman,082 928 7803; 012 348 0123,[082 928 7803](https://wa.me/27829287803),,https://www.appleproperty.co.za/results/residential/for-sale/pretoria/elarduspark/sectional-title/3163514/
buy,AP24067,4 Bedroom House For Sale in Ben Fleur,"R5,000,000",Ben Fleur,Witbank,House,4,2.5,,,,,Milena Kanka,013 590 0665,,,https://www.appleproperty.co.za/results/residential/for-sale/witbank/ben-fleur/house/3141978/
buy,AP22639,8.60Ha Smallholding For Sale in Bela Bela,"R580,000",Bela Bela,Bela Bela,Smallholding,,,,,,,Margaret Horton,078 331 5590; 065 851 0009,[078 331 5590](https://wa.me/27783315590); [065 851 0009](https://wa.me/27658510009),,https://www.appleproperty.co.za/results/residential/for-sale/bela-bela/bela-bela/smallholding/1844356/
buy,AP23887,Golf Estate For Sale in Koro Creek Golf Estate,"R322,500",Koro Creek Golf Estate,Modimolle,Golf Estate,,,,,,,,065 921 3851; 065 851 0009,[065 921 3851](https://wa.me/27659213851); [065 851 0009](https://wa.me/27658510009),retirement,https://www.appleproperty.co.za/results/residential/for-sale/modimolle/koro-creek-golf-estate/golf-estate/3045109/
buy,AP2339,3 Bedroom Duplex For Sale in Ben Fleur,"R1,499,000",Ben Fleur,Witbank,Duplex,3,2.5,,,,,Charlotte Erasmus,082 444 5332; 013 590 0665,[082 444 5332](https://wa.me/27824445332),,https://www.appleproperty.co.za/results/residential/for-sale/witbank/ben-fleur/duplex/846424/
buy,AP24032,3 Bedroom House For Sale in Waterkloof Glen,"R2,590,000",Waterkloof Glen,Pretoria,House,3,2,,,,,Betsie Summerfield,083 488 4748; 012 348 0123,[083 488 4748](https://wa.me/27834884748),,https://www.appleproperty.co.za/results/residential/for-sale/pretoria/waterkloof-glen/house/3124454/
buy,AP23998,3 Bedroom House For Sale in Lynnwood Ridge,"R4,280,000",Lynnwood Ridge,Pretoria,House,3,2.5,,,,,Andre Sciocatti,082 930 7386; 012 348 0123; 082 551 7990,[082 930 7386](https://wa.me/27829307386); [082 551 7990](https://wa.me/27825517990),,https://www.appleproperty.co.za/results/residential/for-sale/pretoria/lynnwood-ridge/house/3107172/
buy,AP22249,2 Bedroom Apartment For Sale in Pretoriuspark,"R1,163,250",Pretoriuspark,Pretoria,Apartment,2,2,,,,,,061 409 4722; 012 348 0123,[061 409 4722](https://wa.me/27614094722),,https://www.appleproperty.co.za/results/residential/for-sale/pretoria/pretoriuspark/apartment/1711712/
buy,AP20561,"1,233m2 Vacant Land For Sale in Model Park","R1,100,000",Model Park,Witbank,Vacant Land,,,,,,,Willa Lombard,082 566 1354; 013 590 0665,[082 566 1354](https://wa.me/27825661354),,https://www.appleproperty.co.za/results/residential/for-sale/witbank/model-park/vacant-land/905038/
buy,AP23802,2 Bedroom Apartment For Sale in Sandton Central,"R1,295,000",Sandton Central,Sandton,Apartment,2,2,,,,"17 Summerfield village, 109 Wierda Road East, Sandton Central, Sandton",Shogan Naidoo,072 430 6757,[072 430 6757](https://wa.me/27724306757),,https://www.appleproperty.co.za/results/residential/for-sale/sandton/sandton-central/apartment/3017550/17-summerfield-village-109-wierda-road-east/
buy,AP23412,66Ha Farm For Sale in Mookgopong,"R3,700,000",Mookgopong,Mookgopong,Farm,3,3,,,,,Erinda Van Aswegen,072 542 7373,[072 542 7373](https://wa.me/27725427373),,https://www.appleproperty.co.za/results/residential/for-sale/mookgopong/mookgopong/farm/2803326/
buy,AP23277,951m2 Vacant Land For Sale in Silverwoods Country Estate,"R2,000,000",Silverwoods Country Estate,Pretoria,Vacant Land,,,,,,,,072 440 1788; 012 348 0123,[072 440 1788](https://wa.me/27724401788),,https://www.appleproperty.co.za/results/residential/for-sale/pretoria/silverwoods-country-estate/vacant-land/2718652/
buy,AP23276,"1,005m2 Vacant Land For Sale in Silverwoods Country Estate","R2,000,000",Silverwoods Country Estate,Pretoria,Vacant Land,,,,,,,,072 440 1788; 012 348 0123,[072 440 1788](https://wa.me/27724401788),,https://www.appleproperty.co.za/results/residential/for-sale/pretoria/silverwoods-country-estate/vacant-land/2718621/
buy,AP21799,5 Bedroom Gated Estate For Sale in Zwavelpoort AH,"R7,795,000",Zwavelpoort Ah,Pretoria,Gated Estate,5,4,,,,"1 Saint, Zwavelpoort AH, Pretoria",Koos Smit,082 555 4776; 012 348 0123,[082 555 4776](https://wa.me/27825554776),,https://www.appleproperty.co.za/results/residential/for-sale/pretoria/zwavelpoort-ah/gated-estate/1356938/1-saint/
buy,AP24098,4 Bedroom House For Sale in Blue Valley Golf Estate,"R4,990,000",Blue Valley Golf Estate,Centurion,House,4,3,,,,"106 Gary Player Blvd, Blue Valley Golf Estate, Centurion",Shogan Naidoo,072 430 6757,[072 430 6757](https://wa.me/27724306757),,https://www.appleproperty.co.za/results/residential/for-sale/centurion/blue-valley-golf-estate/house/3152533/106-gary-player-blvd/
buy,AP23848,2 Bedroom Retirement Unit Sold in Bela Bela,"R880,000",Bela Bela,Bela Bela,Retirement Unit,2,1.5,,,,,,065 921 3851; 065 851 0009,[065 921 3851](https://wa.me/27659213851); [065 851 0009](https://wa.me/27658510009),sold; retirement,https://www.appleproperty.co.za/results/residential/for-sale/bela-bela/bela-bela/retirement-unit/3030388/
buy,AP23302,3 Bedroom Retirement Unit For Sale in Equestria,"R2,095,000",Equestria,Pretoria,Retirement Unit,3,2,,,,,Hannelize Wilken,084 580 8700; 012 348 0123,[084 580 8700](https://wa.me/27845808700),retirement; assisted-living,https://www.appleproperty.co.za/results/residential/for-sale/pretoria/equestria/retirement-unit/2730925/
buy,AP23746,2 Bedroom Apartment For Sale in Pretoria Central,"R475,000",Pretoria Central,Pretoria,Apartment,2,2,,,,"62 Prestige Park Retirement Centre, 314 Scheiding, Pretoria Central, Pretoria",Vinette Smit,0826529627; 012 348 0123,[0826529627](https://wa.me/27826529627),retirement,https://www.appleproperty.co.za/results/residential/for-sale/pretoria/pretoria-central/apartment/2990260/62-prestige-park-retirement-centre-314-scheiding/
buy,AP24021,5 Bedroom Guest House For Sale in Bela Bela,"R1,940,000",Bela Bela,Bela Bela,Guest House,5,3,,,,,Margaret Horton,078 331 5590; 065 851 0009,[078 331 5590](https://wa.me/27783315590); [065 851 0009](https://wa.me/27658510009),,https://www.appleproperty.co.za/results/residential/for-sale/bela-bela/bela-bela/guest-house/3119251/
buy,AP23263,3 Bedroom House For Sale in Model Park,"R1,710,000",Model Park,Witbank,House,3,3,,,,,Willa Lombard,082 566 1354; 013 590 0665,[082 566 1354](https://wa.me/27825661354),,https://www.appleproperty.co.za/results/residential/for-sale/witbank/model-park/house/2696761/
buy,AP17444,2 Bedroom Apartment For Sale in Hatfield,"R1,450,000",Hatfield,Pretoria,Apartment,2,2,,,,"1112 Duncan Court, 1226 Park Street, Hatfield, Pretoria",Rita Fitzgerald,083 228 9633; 012 348 0123,[083 228 9633](https://wa.me/27832289633),,https://www.appleproperty.co.za/results/residential/for-sale/pretoria/hatfield/apartment/846531/1112-duncan-court-1226-park-street/
buy,AP24127,1.20Ha Vacant Land For Sale in Buffelspoort Eco Estate,"R220,000",Buffelspoort Eco Estate,Bela Bela,Vacant Land,,,,,,,Margaret Horton,078 331 5590; 065 851 0009,[078 331 5590](https://wa.me/27783315590); [065 851 0009](https://wa.me/27658510009),,https://www.appleproperty.co.za/results/residential/for-sale/bela-bela/buffelspoort-eco-estate/vacant-land/3168885/
buy,AP23989,3 Bedroom Townhouse For Sale in Die Wilgers,"R1,610,000",Die Wilgers,Pretoria,Townhouse,3,2,,,,,Andre Sciocatti,082 930 7386; 012 348 0123,[082 930 7386](https://wa.me/27829307386),,https://www.appleproperty.co.za/results/residential/for-sale/pretoria/die-wilgers/townhouse/3104428/
buy,AP22002,3 Bedroom Sectional Title For Sale in Lynnwood,"R4,148,000",Lynnwood,Pretoria,Sectional Title,3,3,,,,,Marianne Kenny,072 456 1802; 012 348 0123; 082 930 7386,[072 456 1802](https://wa.me/27724561802); [082 930 7386](https://wa.me/27829307386),,https://www.appleproperty.co.za/results/residential/for-sale/pretoria/lynnwood/sectional-title/1477850/
buy,AP24138,2 Bedroom Townhouse For Sale in Faerie Glen,"R1,450,000",Faerie Glen,Pretoria,Townhouse,2,1,,,,"G111 Forest Place, 899 Koedoeberg street, Faerie Glen, Pretoria",Fransie Pienaar,082 338 3037; 012 348 0123,[082 338 3037](https://wa.me/27823383037),,https://www.appleproperty.co.za/results/residential/for-sale/pretoria/faerie-glen/townhouse/3175631/g111-forest-place-899-koedoeberg-street/
buy,AP21774,1 Bedroom Retirement Unit For Sale in Equestria,"R945,000",Equestria,Pretoria,Retirement Unit,1,1,,,,"Exciting new release for people older than 50 in sought after retirement village in Equestria, Pretoria East.",Hannelize Wilken,084 580 8700; 012 348 0123,[084 580 8700](https://wa.me/27845808700),retirement; assisted-living,https://www.appleproperty.co.za/results/residential/for-sale/pretoria/equestria/retirement-unit/1348578/
buy,AP19205,"116,000m2 Smallholding For Sale in Rietvallei AH","R13,700,000",Rietvallei Ah,Pretoria,Smallholding,6,3,,,,,Koos Smit,082 555 4776; 012 348 0123,[082 555 4776](https://wa.me/27825554776),,https://www.appleproperty.co.za/results/residential/for-sale/pretoria/rietvallei-ah/smallholding/844186/
buy,AP19600,2 Bedroom Retirement Unit For Sale in Equestria,"R965,000",Equestria,Pretoria,Retirement Unit,2,1,,,,,Hannelize Wilken,084 580 8700; 012 348 0123,[084 580 8700](https://wa.me/27845808700),retirement; assisted-living,https://www.appleproperty.co.za/results/residential/for-sale/pretoria/equestria/retirement-unit/846086/
buy,AP23154,2 Bedroom Apartment For Sale in Newlands,"R1,040,000",Newlands,Pretoria,Apartment,2,1,,,,,Petro Sciocatti,082 551 7990; 012 348 0123; 082 930 7386,[082 551 7990](https://wa.me/27825517990); [082 930 7386](https://wa.me/27829307386),retirement,https://www.appleproperty.co.za/results/residential/for-sale/pretoria/newlands/apartment/2467560/
buy,AP22545,300Ha Farm For Sale in Mookgopong,"R8,200,000",Mookgopong,Mookgopong,Farm,3,1,,,,,Erinda Van Aswegen,072 542 7373,[072 542 7373](https://wa.me/27725427373),,https://www.appleproperty.co.za/results/residential/for-sale/mookgopong/mookgopong/farm/1810527/
buy,AP24147,4 Bedroom House For Sale in Blue Valley Golf Estate,"R5,900,000",Blue Valley Golf Estate,Centurion,House,4,5,,,,,Shogan Naidoo,072 430 6757,[072 430 6757](https://wa.me/27724306757),,https://www.appleproperty.co.za/results/residential/for-sale/centurion/blue-valley-golf-estate/house/3178510/
buy,AP23423,1.50Ha Vacant Land For Sale in Buffelspoort Eco Estate,"R250,000",Buffelspoort Eco Estate,Bela Bela,Vacant Land,,,,,,,Margaret Horton,078 331 5590; 065 851 0009,[078 331 5590](https://wa.me/27783315590); [065 851 0009](https://wa.me/27658510009),,https://www.appleproperty.co.za/results/residential/for-sale/bela-bela/buffelspoort-eco-estate/vacant-land/2805197/
buy,AP23939,3 Bedroom Duplex For Sale in Centurion Golf Estate,"R3,100,000",Centurion Golf Estate,Centurion,Duplex,3,2.5,,,,,Magde Meyer,083 387 3437; 012 940 0099,[083 387 3437](https://wa.me/27833873437),,https://www.appleproperty.co.za/results/residential/for-sale/centurion/centurion-golf-estate/duplex/3079585/
buy,AP22917,5 Bedroom House For Sale in Six Fountains Residential Estate,"R8,999,000",Six Fountains Residential Estate,Pretoria,House,5,5.5,,,,,,072 440 1788; 012 348 0123,[072 440 1788](https://wa.me/27724401788),,https://www.appleproperty.co.za/results/residential/for-sale/pretoria/six-fountains-residential-estate/house/2331893/
buy,AP19950,3 Bedroom House For Sale in Mookgopong,"R2,100,000",Mookgopong,Mookgopong,House,3,2,,,,,Erinda Van Aswegen,072 542 7373,[072 542 7373](https://wa.me/27725427373),,https://www.appleproperty.co.za/results/residential/for-sale/mookgopong/mookgopong/house/846401/
buy,AP22400,1 Bedroom Apartment For Sale in Newlands,"R1,050,000",Newlands,Pretoria,Apartment,1,1,,,,,Petro Sciocatti,082 551 7990; 012 348 0123; 082 930 7386,[082 551 7990](https://wa.me/27825517990); [082 930 7386](https://wa.me/27829307386),retirement,https://www.appleproperty.co.za/results/residential/for-sale/pretoria/newlands/apartment/1760450/
buy,AP18949,7 Bedroom House For Sale in Hoeveld Park,"R3,180,000",Hoeveld Park,Witbank,House,7,5.5,,,,,Willa Lombard,082 566 1354; 013 590 0665,[082 566 1354](https://wa.me/27825661354),,https://www.appleproperty.co.za/results/residential/for-sale/witbank/hoeveld-park/house/846248/
buy,AP23660,1.50Ha Vacant Land For Sale in Modimolle,"R499,000",Modimolle,Modimolle,Vacant Land,,,,,,"Conveniently located within easy driving distance of Bela-Bela, Modimolle, and only 1.5 hours from Pretoria",Margaret Horton,078 331 5590; 065 851 0009,[078 331 5590](https://wa.me/27783315590); [065 851 0009](https://wa.me/27658510009),,https://www.appleproperty.co.za/results/residential/for-sale/modimolle/modimolle/vacant-land/2951793/
buy,AP17730,3 Bedroom House For Sale in Hoeveld Park,"R3,650,000",Hoeveld Park,Witbank,House,3,3,,,,,Willa Lombard,082 566 1354; 013 590 0665,[082 566 1354](https://wa.me/27825661354),,https://www.appleproperty.co.za/results/residential/for-sale/witbank/hoeveld-park/house/846418/
buy,AP21907,"1,000m2 Vacant Land For Sale in Boschkop AH","R1,550,000",Boschkop Ah,Pretoria,Vacant Land,,,,,,"603 Sabie Road, Boschkop AH, Pretoria",Koos Smit,082 555 4776; 012 348 0123,[082 555 4776](https://wa.me/27825554776),,https://www.appleproperty.co.za/results/residential/for-sale/pretoria/boschkop-ah/vacant-land/1439506/603-sabie-road/
buy,AP23250,3 Bedroom House For Sale in Monument Park,"R2,600,000",Monument Park,Pretoria,House,3,2,,,,,Rina Verryne,083 269 0085; 012 348 0123,[083 269 0085](https://wa.me/27832690085),,https://www.appleproperty.co.za/results/residential/for-sale/pretoria/monument-park/house/2640967/
buy,AP23621,4 Bedroom House For Sale in Waterkloof,"R4,500,000",Waterkloof,Pretoria,House,4,3,,,,,Vivienne Doeg,082 301 6767; 012 348 0123,[082 301 6767](https://wa.me/27823016767),,https://www.appleproperty.co.za/results/residential/for-sale/pretoria/waterkloof/house/2931433/
buy,AP21703,3 Bedroom Sectional Title For Sale in Bela Bela,"R650,000",Bela Bela,Bela Bela,Sectional Title,3,2,,,,,Margaret Horton,078 331 5590; 065 851 0009,[078 331 5590](https://wa.me/27783315590); [065 851 0009](https://wa.me/27658510009),,https://www.appleproperty.co.za/results/residential/for-sale/bela-bela/bela-bela/sectional-title/1314898/
buy,AP23382,1 Bedroom Sectional Title For Sale in Bela Bela,"R520,000",Bela Bela,Bela Bela,Sectional Title,1,1,,,,,Margaret Horton,078 331 5590; 065 851 0009,[078 331 5590](https://wa.me/27783315590); [065 851 0009](https://wa.me/27658510009),retirement,https://www.appleproperty.co.za/results/residential/for-sale/bela-bela/bela-bela/sectional-title/2786829/
buy,AP22319,3 Bedroom Apartment For Sale in Pretoriuspark,"R1,610,000",Pretoriuspark,Pretoria,Apartment,3,3,,,,,,061 409 4722; 012 348 0123,[061 409 4722](https://wa.me/27614094722),,https://www.appleproperty.co.za/results/residential/for-sale/pretoria/pretoriuspark/apartment/1734044/
buy,AP23956,3 Bedroom Package Home For Sale in Silver Lakes,"R5,665,000",Silver Lakes,Pretoria,Package Home,3,3.5,,,,,,072 440 1788; 012 348 0123,[072 440 1788](https://wa.me/27724401788),retirement,https://www.appleproperty.co.za/results/residential/for-sale/pretoria/silver-lakes/package-home/3081347/
buy,AP23506,3 Bedroom Townhouse For Sale in Silverton,"R1,390,000",Silverton,Pretoria,Townhouse,3,2,,,,,Marianne Kenny,072 456 1802; 012 348 0123,[072 456 1802](https://wa.me/27724561802),,https://www.appleproperty.co.za/results/residential/for-sale/pretoria/silverton/townhouse/2894851/
buy,AP17759,1 Bedroom Apartment For Sale in Hatfield,"R1,350,000",Hatfield,Pretoria,Apartment,1,1,,,,"8181 Duncan Court, 1226 Park street, Hatfield, Pretoria",Rita Fitzgerald,083 228 9633; 012 348 0123,[083 228 9633](https://wa.me/27832289633),,https://www.appleproperty.co.za/results/residential/for-sale/pretoria/hatfield/apartment/847116/8181-duncan-court-1226-park-street/
buy,AP23404,3 Bedroom Sectional Title For Sale in Bela-Bela Ext 5,"R1,399,000",Bela Bela Ext 5,Bela Bela,Sectional Title,3,2,,,,,Margaret Horton,078 331 5590; 065 851 0009,[078 331 5590](https://wa.me/27783315590); [065 851 0009](https://wa.me/27658510009),,https://www.appleproperty.co.za/results/residential/for-sale/bela-bela/bela-bela-ext-5/sectional-title/2795425/
buy,AP23274,928m2 Vacant Land For Sale in Silverwoods Country Estate,"R2,000,000",Silverwoods Country Estate,Pretoria,Vacant Land,,,,,,,,072 440 1788; 012 348 0123,[072 440 1788](https://wa.me/27724401788),,https://www.appleproperty.co.za/results/residential/for-sale/pretoria/silverwoods-country-estate/vacant-land/2718552/
buy,AP13975,347Ha Farm For Sale in Mookgopong,"R10,600,000",Mookgopong,Mookgopong,Farm,4,2,,,,"347 Ha Farm for Sale in Naboomspruit, Mookgopong",Erinda Van Aswegen,072 542 7373,[072 542 7373](https://wa.me/27725427373),,https://www.appleproperty.co.za/results/residential/for-sale/mookgopong/mookgopong/farm/858091/
buy,AP23821,2 Bedroom Townhouse For Sale in Kosmosdal,"R1,290,000",Kosmosdal,Centurion,Townhouse,2,2,,,,"22 Cosmos View Estate, 6829 Waterberg Drive, Kosmosdal, Centurion",Shogan Naidoo,072 430 6757,[072 430 6757](https://wa.me/27724306757),,https://www.appleproperty.co.za/results/residential/for-sale/centurion/kosmosdal/townhouse/3023142/22-cosmos-view-estate-6829-waterberg-drive/
buy,AP23297,1.50Ha Vacant Land For Sale in Bela Bela,"R270,000",Bela Bela,Bela Bela,Vacant Land,,,,,,,Margaret Horton,078 331 5590; 065 851 0009,[078 331 5590](https://wa.me/27783315590); [065 851 0009](https://wa.me/27658510009),,https://www.appleproperty.co.za/results/residential/for-sale/bela-bela/bela-bela/vacant-land/2730121/
buy,AP21922,5 Bedroom House For Sale in Bankenveld Estate,"R13,600,000",Bankenveld Estate,Witbank,House,5,4,,,,,Milena Kanka,013 590 0665,,,https://www.appleproperty.co.za/results/residential/for-sale/witbank/bankenveld-estate/house/1442086/
buy,AP23803,1 Bedroom Apartment For Sale in Arcadia,"R520,000",Arcadia,Pretoria,Apartment,1,1,,,,,,061 409 4722; 012 348 0123,[061 409 4722](https://wa.me/27614094722),,https://www.appleproperty.co.za/results/residential/for-sale/pretoria/arcadia/apartment/3018059/
buy,AP23515,4 Bedroom Apartment For Sale in Carlswald,"R2,799,000",Carlswald,Midrand,Apartment,4,3,,,,"2 Villa La Seule, 111 Milford Road, Carlswald, Midrand",Shogan Naidoo,072 430 6757,[072 430 6757](https://wa.me/27724306757),,https://www.appleproperty.co.za/results/residential/for-sale/midrand/carlswald/apartment/2898003/2-villa-la-seule-111-milford-road/
buy,AP23649,2 Bedroom Apartment For Sale in Brooklyn,"R1,999,000",Brooklyn,Pretoria,Apartment,2,2,,,,,Sandy Lunt,0823222322; 012 348 0123,[0823222322](https://wa.me/27823222322),,https://www.appleproperty.co.za/results/residential/for-sale/pretoria/brooklyn/apartment/2947454/
buy,AP22776,3 Bedroom Duplex For Sale in Ben Fleur,"R1,659,000",Ben Fleur,Witbank,Duplex,3,2.5,,,,,Charlotte Erasmus,082 444 5332; 013 590 0665,[082 444 5332](https://wa.me/27824445332),,https://www.appleproperty.co.za/results/residential/for-sale/witbank/ben-fleur/duplex/2200958/
buy,AP23837,2 Bedroom Flat For Sale in La Montagne,"R770,000",La Montagne,Pretoria,Flat,2,1,,,,,Hannelize Wilken,084 580 8700; 012 348 0123,[084 580 8700](https://wa.me/27845808700),,https://www.appleproperty.co.za/results/residential/for-sale/pretoria/la-montagne/flat/3027350/
buy,AP24106,3 Bedroom House For Sale in Pierre Van Ryneveld,"R1,750,000",Pierre Van Ryneveld,Centurion,House,3,2,,,,,Liesl Van Staden,084 870 1465; 012 348 0123; 083 259 5342,[084 870 1465](https://wa.me/27848701465); [083 259 5342](https://wa.me/27832595342),,https://www.appleproperty.co.za/results/residential/for-sale/centurion/pierre-van-ryneveld/house/3157890/
buy,AP24086,2 Bedroom Townhouse For Sale in Moreleta Park,"R850,000",Moreleta Park,Pretoria,Townhouse,2,1,,,,,Liezl Janse Van Rensburg,084 851 0492; 012 348 0123,[084 851 0492](https://wa.me/27848510492),,https://www.appleproperty.co.za/results/residential/for-sale/pretoria/moreleta-park/townhouse/3148407/
buy,AP22847,3 Bedroom Sectional Title For Sale in Koro Creek Golf Estate,"R2,350,000",Koro Creek Golf Estate,Modimolle,Sectional Title,3,2.5,,,,,Margaret Horton,078 331 5590; 065 851 0009,[078 331 5590](https://wa.me/27783315590); [065 851 0009](https://wa.me/27658510009),retirement,https://www.appleproperty.co.za/results/residential/for-sale/modimolle/koro-creek-golf-estate/sectional-title/2266007/
buy,AP24149,2 Bedroom Sectional Title For Sale in Bela Bela,"R775,000",Bela Bela,Bela Bela,Sectional Title,2,1,,,,,Margaret Horton,078 331 5590; 065 851 0009,[078 331 5590](https://wa.me/27783315590); [065 851 0009](https://wa.me/27658510009),retirement,https://www.appleproperty.co.za/results/residential/for-sale/bela-bela/bela-bela/sectional-title/3180561/
buy,AP23861,7 Bedroom Freehold For Sale in Lynnwood Manor,"R6,000,000",Lynnwood Manor,Pretoria,Freehold,7,6,,,,,Este Moolman,083 268 0736; 012 348 0123,[083 268 0736](https://wa.me/27832680736),,https://www.appleproperty.co.za/results/residential/for-sale/pretoria/lynnwood-manor/freehold/3034062/
buy,AP22761,3 Bedroom Sectional Title For Sale in Del Judor Ext 4,"R1,659,000",Del Judor Ext 4,Witbank,Sectional Title,3,2.5,,,,,Willa Lombard,082 566 1354; 013 590 0665,[082 566 1354](https://wa.me/27825661354),,https://www.appleproperty.co.za/results/residential/for-sale/witbank/del-judor-ext-4/sectional-title/2194793/
buy,AP23455,980m2 Vacant Land For Sale in Constantia Park,"R1,200,000",Constantia Park,Pretoria,Vacant Land,,,,,,,Betsie Summerfield,083 488 4748; 012 348 0123,[083 488 4748](https://wa.me/27834884748),,https://www.appleproperty.co.za/results/residential/for-sale/pretoria/constantia-park/vacant-land/2835723/
buy,AP16686,1 Bedroom Apartment For Sale in Hatfield,"R680,000",Hatfield,Pretoria,Apartment,1,1,,,,"001 Cambridge Court, 1232 Park Street, Hatfield, Pretoria",Rita Fitzgerald,083 228 9633; 012 348 0123,[083 228 9633](https://wa.me/27832289633),,https://www.appleproperty.co.za/results/residential/for-sale/pretoria/hatfield/apartment/844636/001-cambridge-court-1232-park-street/
buy,AP23502,3 Bedroom House For Sale in Bela Bela,"R954,000",Bela Bela,Bela Bela,House,3,2,,,,,Margaret Horton,078 331 5590; 065 851 0009,[078 331 5590](https://wa.me/27783315590); [065 851 0009](https://wa.me/27658510009),,https://www.appleproperty.co.za/results/residential/for-sale/bela-bela/bela-bela/house/2890272/
buy,AP23073,17.10Ha Smallholding For Sale in Bela Bela Rural,"R2,450,000",Bela Bela Rural,Bela Bela,Smallholding,6,4,,,,,Margaret Horton,078 331 5590; 065 851 0009,[078 331 5590](https://wa.me/27783315590); [065 851 0009](https://wa.me/27658510009),,https://www.appleproperty.co.za/results/residential/for-sale/bela-bela/bela-bela-rural/smallholding/2408582/
buy,AP23826,2 Bedroom Cluster For Sale in Menlo Park,"R4,400,000",Menlo Park,Pretoria,Cluster,2,2.5,,,,,Vivienne Doeg,082 301 6767; 012 348 0123,[082 301 6767](https://wa.me/27823016767),,https://www.appleproperty.co.za/results/residential/for-sale/pretoria/menlo-park/cluster/3023908/
buy,AP23437,8 Bedroom House For Sale in Mooikloof Glen,POA,Mooikloof Glen,Pretoria,House,8,8.5,,,,,,072 440 1788; 012 348 0123,[072 440 1788](https://wa.me/27724401788),,https://www.appleproperty.co.za/results/residential/for-sale/pretoria/mooikloof-glen/house/2828452/
buy,AP24051,5 Bedroom Freehold For Sale in Lyttelton Manor,"R2,500,000",Lyttelton Manor,Centurion,Freehold,5,4,,,,,,082 392 3123; 012 348 0123,[082 392 3123](https://wa.me/27823923123),,https://www.appleproperty.co.za/results/residential/for-sale/centurion/lyttelton-manor/freehold/3136010/
buy,AP24091,5 Bedroom House For Sale in Blue Valley Golf Estate,"R4,299,000",Blue Valley Golf Estate,Centurion,House,5,3.5,,,,"106 Gary Player Boulevard, Blue Valley Golf Estate, Centurion",Shogan Naidoo,072 430 6757,[072 430 6757](https://wa.me/27724306757),,https://www.appleproperty.co.za/results/residential/for-sale/centurion/blue-valley-golf-estate/house/3149933/106-gary-player-boulevard/
buy,AP19291,3 Bedroom House For Sale in Jackaroo Park,"R1,350,000",Jackaroo Park,Witbank,House,3,3,,,,,Willa Lombard,082 566 1354; 013 590 0665,[082 566 1354](https://wa.me/27825661354),,https://www.appleproperty.co.za/results/residential/for-sale/witbank/jackaroo-park/house/844811/
buy,AP23871,2 Bedroom Townhouse For Sale in Bela Bela,"R820,000",Bela Bela,Bela Bela,Townhouse,2,1.5,,,,,,065 921 3851; 065 851 0009,[065 921 3851](https://wa.me/27659213851); [065 851 0009](https://wa.me/27658510009),retirement,https://www.appleproperty.co.za/results/residential/for-sale/bela-bela/bela-bela/townhouse/3037088/
buy,AP7894,2 Bedroom Apartment For Sale in Hatfield,"R1,150,000",Hatfield,Pretoria,Apartment,2,2,,,,"A007 Duncan Court, 1236 Park Street, Hatfield, Pretoria",Rita Fitzgerald,083 228 9633; 012 348 0123,[083 228 9633](https://wa.me/27832289633),,https://www.appleproperty.co.za/results/residential/for-sale/pretoria/hatfield/apartment/851863/a007-duncan-court-1236-park-street/
buy,AP23885,3 Bedroom House For Sale in Mookgopong,"R2,700,000",Mookgopong,Mookgopong,House,3,2,,,,,Erinda Van Aswegen,072 542 7373,[072 542 7373](https://wa.me/27725427373),,https://www.appleproperty.co.za/results/residential/for-sale/mookgopong/mookgopong/house/3044956/
buy,AP22827,"10,000m2 Smallholding For Sale in Grootfontein Country Estates","R3,340,000",Grootfontein Country Estates,Pretoria,Smallholding,3,2,,,,,Koos Smit,082 555 4776; 012 348 0123,[082 555 4776](https://wa.me/27825554776),,https://www.appleproperty.co.za/results/residential/for-sale/pretoria/grootfontein-country-estates/smallholding/2257119/
buy,AP21539,3 Bedroom Retirement Unit For Sale in Mookgopong,"R1,420,000",Mookgopong,Mookgopong,Retirement Unit,3,2,,,,,Erinda Van Aswegen,072 542 7373,[072 542 7373](https://wa.me/27725427373),retirement,https://www.appleproperty.co.za/results/residential/for-sale/mookgopong/mookgopong/retirement-unit/1243669/
buy,AP24054,3 Bedroom Simplex For Sale in Highveld,"R1,950,000",Highveld,Centurion,Simplex,3,2,,,,,Magde Meyer,083 387 3437; 012 940 0099,[083 387 3437](https://wa.me/27833873437),,https://www.appleproperty.co.za/results/residential/for-sale/centurion/highveld/simplex/3137953/
buy,AP21942,251m2 Vacant Land Sold in Negester Klein-Kariba,"R310,000",Negester Klein Kariba,Bela Bela,Vacant Land,,,,,,,Margaret Horton,078 331 5590; 065 851 0009,[078 331 5590](https://wa.me/27783315590); [065 851 0009](https://wa.me/27658510009),sold; retirement,https://www.appleproperty.co.za/results/residential/for-sale/bela-bela/negester-klein-kariba/vacant-land/1448128/
buy,AP23755,2 Bedroom Sectional Title For Sale in Bela Bela,"R750,000",Bela Bela,Bela Bela,Sectional Title,2,1,,,,,Margaret Horton,078 331 5590; 065 851 0009,[078 331 5590](https://wa.me/27783315590); [065 851 0009](https://wa.me/27658510009),,https://www.appleproperty.co.za/results/residential/for-sale/bela-bela/bela-bela/sectional-title/2996080/
buy,AP23425,5 Bedroom House For Sale in Die Heuwel,"R3,790,000",Die Heuwel,Witbank,House,5,3.5,,,,,Willa Lombard,082 566 1354; 013 590 0665,[082 566 1354](https://wa.me/27825661354),,https://www.appleproperty.co.za/results/residential/for-sale/witbank/die-heuwel/house/2806234/
buy,AP23674,2 Bedroom Retirement Unit For Sale in Bela Bela,"R766,900",Bela Bela,Bela Bela,Retirement Unit,2,1.5,,,,,Margaret Horton,078 331 5590; 065 851 0009,[078 331 5590](https://wa.me/27783315590); [065 851 0009](https://wa.me/27658510009),retirement,https://www.appleproperty.co.za/results/residential/for-sale/bela-bela/bela-bela/retirement-unit/2956022/
buy,AP20802,2 Bedroom Retirement Unit For Sale in Mookgopong,"R1,450,000",Mookgopong,Mookgopong,Retirement Unit,2,2,,,,,Erinda Van Aswegen,072 542 7373,[072 542 7373](https://wa.me/27725427373),retirement,https://www.appleproperty.co.za/results/residential/for-sale/mookgopong/mookgopong/retirement-unit/1014328/
buy,AP20801,2 Bedroom Retirement Unit For Sale in Mookgopong,"R1,550,000",Mookgopong,Mookgopong,Retirement Unit,2,2,,,,,Erinda Van Aswegen,072 542 7373,[072 542 7373](https://wa.me/27725427373),retirement,https://www.appleproperty.co.za/results/residential/for-sale/mookgopong/mookgopong/retirement-unit/1014273/
buy,AP20720,"21,000m2 Vacant Land For Sale in Zwavelpoort AH","R19,450,000",Zwavelpoort Ah,Pretoria,Vacant Land,,,,,,"63 Ajax, Zwavelpoort AH, Pretoria",Koos Smit,082 555 4776; 012 348 0123,[082 555 4776](https://wa.me/27825554776),,https://www.appleproperty.co.za/results/residential/for-sale/pretoria/zwavelpoort-ah/vacant-land/981000/63-ajax/
buy,AP23512,3 Bedroom House For Sale in Equestria,"R2,190,000",Equestria,Pretoria,House,3,2,,,,,Hannelize Wilken,084 580 8700; 012 348 0123,[084 580 8700](https://wa.me/27845808700),,https://www.appleproperty.co.za/results/residential/for-sale/pretoria/equestria/house/2897425/
buy,AP24009,5 Bedroom House For Sale in Model Park,"R3,000,000",Model Park,Witbank,House,5,4.5,,,,,Willa Lombard,082 566 1354; 013 590 0665,[082 566 1354](https://wa.me/27825661354),,https://www.appleproperty.co.za/results/residential/for-sale/witbank/model-park/house/3114592/
buy,AP19622,132Ha Farm For Sale in Mookgopong,"R5,900,000",Mookgopong,Mookgopong,Farm,12,11,,,,,Erinda Van Aswegen,072 542 7373,[072 542 7373](https://wa.me/27725427373),,https://www.appleproperty.co.za/results/residential/for-sale/mookgopong/mookgopong/farm/846577/
buy,AP23571,2 Bedroom Apartment For Sale in Moreleta Park,"R865,000",Moreleta Park,Pretoria,Apartment,2,1,,,,,Liezl Janse Van Rensburg,084 851 0492; 012 348 0123,[084 851 0492](https://wa.me/27848510492),,https://www.appleproperty.co.za/results/residential/for-sale/pretoria/moreleta-park/apartment/2919024/
buy,AP23830,3 Bedroom House Sold in Boschkop AH,"R4,500,000",Boschkop Ah,Pretoria,House,3,1,,,,,Koos Smit,082 555 4776; 012 348 0123,[082 555 4776](https://wa.me/27825554776),sold,https://www.appleproperty.co.za/results/residential/for-sale/pretoria/boschkop-ah/house/3025964/
buy,AP23765,4 Bedroom House Sold in Waterkloof Glen,"R4,400,000",Waterkloof Glen,Pretoria,House,4,3.5,,,,,Betsie Summerfield,083 488 4748; 012 348 0123,[083 488 4748](https://wa.me/27834884748),sold,https://www.appleproperty.co.za/results/residential/for-sale/pretoria/waterkloof-glen/house/3002172/
buy,AP20270,3 Bedroom House For Sale in Mookgopong,"R3,100,000",Mookgopong,Mookgopong,House,3,2,,,,,Erinda Van Aswegen,072 542 7373,[072 542 7373](https://wa.me/27725427373),retirement,https://www.appleproperty.co.za/results/residential/for-sale/mookgopong/mookgopong/house/844851/
buy,AP20271,3 Bedroom House For Sale in Mookgopong,"R2,300,000",Mookgopong,Mookgopong,House,3,2,,,,,Erinda Van Aswegen,072 542 7373,[072 542 7373](https://wa.me/27725427373),retirement,https://www.appleproperty.co.za/results/residential/for-sale/mookgopong/mookgopong/house/844921/
buy,AP23832,5 Bedroom Freestanding For Sale in Waterkloof Ridge,"R3,700,000",Waterkloof Ridge,Pretoria,Freestanding,5,4.5,,,,,Sandy Lunt,0823222322; 012 348 0123,[0823222322](https://wa.me/27823222322),,https://www.appleproperty.co.za/results/residential/for-sale/pretoria/waterkloof-ridge/freestanding/3026209/
buy,AP23630,5 Bedroom Freehold For Sale in Rietfontein SH,"R8,500,000",Rietfontein Sh,Pretoria,Freehold,5,4,,,,"155 Eland str, Rietfontein SH, Pretoria",Koos Smit,082 555 4776; 012 348 0123,[082 555 4776](https://wa.me/27825554776),,https://www.appleproperty.co.za/results/residential/for-sale/pretoria/rietfontein-sh/freehold/2936887/155-eland-str/
buy,AP23915,1 Bedroom Apartment For Sale in Menlyn,"R1,650,000",Menlyn,Pretoria,Apartment,1,1,,,,,Andre Sciocatti,082 930 7386; 012 348 0123,[082 930 7386](https://wa.me/27829307386),,https://www.appleproperty.co.za/results/residential/for-sale/pretoria/menlyn/apartment/3069683/
buy,AP24077,"2,116Ha Farm For Sale in Alldays","R16,200,000",Alldays,Alldays,Farm,12,8,,,,,Erinda Van Aswegen,072 542 7373,[072 542 7373](https://wa.me/27725427373),,https://www.appleproperty.co.za/results/residential/for-sale/alldays/alldays/farm/3143440/
buy,AP23168,"86,700m2 Vacant Land For Sale in Zwavelpoort AH","R7,850,000",Zwavelpoort Ah,Pretoria,Vacant Land,,,,,,"709 Graham M6, Zwavelpoort AH, Pretoria",Koos Smit,082 555 4776; 012 348 0123,[082 555 4776](https://wa.me/27825554776),,https://www.appleproperty.co.za/results/residential/for-sale/pretoria/zwavelpoort-ah/vacant-land/2476724/709-graham-m6/
buy,AP23895,18.50Ha Smallholding For Sale in Bela Bela Rural,"R2,700,000",Bela Bela Rural,Bela Bela,Smallholding,5,3,,,,,,062 568 0285; 065 851 0009,[062 568 0285](https://wa.me/27625680285); [065 851 0009](https://wa.me/27658510009),,https://www.appleproperty.co.za/results/residential/for-sale/bela-bela/bela-bela-rural/smallholding/3048052/
buy,AP22629,1 Bedroom Apartment For Sale in Menlo Park,"R1,780,000",Menlo Park,Pretoria,Apartment,1,1,,,,,Marianne Kenny,072 456 1802; 012 348 0123,[072 456 1802](https://wa.me/27724561802),,https://www.appleproperty.co.za/results/residential/for-sale/pretoria/menlo-park/apartment/1841720/
buy,AP23610,8.50Ha Farm For Sale in Bela Bela Rural,"R2,120,000",Bela Bela Rural,Bela Bela,Farm,3,2,,,,,,062 568 0285; 065 851 0009,[062 568 0285](https://wa.me/27625680285); [065 851 0009](https://wa.me/27658510009),,https://www.appleproperty.co.za/results/residential/for-sale/bela-bela/bela-bela-rural/farm/2927249/
buy,AP17763,1 Bedroom Apartment For Sale in Hatfield,"R1,150,000",Hatfield,Pretoria,Apartment,1,1,,,,,Rita Fitzgerald,083 228 9633; 012 348 0123,[083 228 9633](https://wa.me/27832289633),,https://www.appleproperty.co.za/results/residential/for-sale/pretoria/hatfield/apartment/844888/
buy,AP24123,3 Bedroom Townhouse For Sale in Garsfontein,"R1,699,000",Garsfontein,Pretoria,Townhouse,3,2,,,,,Vinette Smit,0826529627; 012 348 0123,[0826529627](https://wa.me/27826529627),,https://www.appleproperty.co.za/results/residential/for-sale/pretoria/garsfontein/townhouse/3168338/
buy,AP24065,2 Bedroom House For Sale in Waterkloof,"R4,600,000",Waterkloof,Pretoria,House,2,2,,,,,Vivienne Doeg,082 301 6767; 012 348 0123,[082 301 6767](https://wa.me/27823016767),,https://www.appleproperty.co.za/results/residential/for-sale/pretoria/waterkloof/house/3141887/
buy,AP23325,3 Bedroom Apartment For Sale in Baileys Muckleneuk,"R1,700,000",Baileys Muckleneuk,Pretoria,Apartment,3,2,,,,,Vivienne Doeg,082 301 6767; 012 348 0123,[082 301 6767](https://wa.me/27823016767),,https://www.appleproperty.co.za/results/residential/for-sale/pretoria/baileys-muckleneuk/apartment/2741978/
buy,AP23379,1 Bedroom Apartment For Sale in Pretoria West,"R345,000",Pretoria West,Pretoria,Apartment,1,1,,,,,,061 409 4722; 012 348 0123,[061 409 4722](https://wa.me/27614094722),,https://www.appleproperty.co.za/results/residential/for-sale/pretoria/pretoria-west/apartment/2785667/
buy,AP22388,3 Bedroom House For Sale in Mookgopong,"R1,100,000",Mookgopong,Mookgopong,House,3,2,,,,,Erinda Van Aswegen,072 542 7373,[072 542 7373](https://wa.me/27725427373),,https://www.appleproperty.co.za/results/residential/for-sale/mookgopong/mookgopong/house/1752816/
buy,AP22887,249Ha Farm For Sale in Roedtan,"R12,700,000",Roedtan,Mookgopong,Farm,5,2,,,,,Erinda Van Aswegen,072 542 7373,[072 542 7373](https://wa.me/27725427373),,https://www.appleproperty.co.za/results/residential/for-sale/mookgopong/roedtan/farm/2276796/
buy,AP23896,"85,600m2 Farm For Sale in Mooiplaats AH","R6,600,000",Mooiplaats Ah,Pretoria,Farm,4,2.5,,,,"822 Rooireier street, Mooiplaats AH, Pretoria",Koos Smit,082 555 4776; 012 348 0123,[082 555 4776](https://wa.me/27825554776),,https://www.appleproperty.co.za/results/residential/for-sale/pretoria/mooiplaats-ah/farm/3048065/822-rooireier-street/
buy,AP22455,5 Bedroom Townhouse For Sale in Reyno Ridge,"R2,600,000",Reyno Ridge,Witbank,Townhouse,5,3,,,,,Willa Lombard,082 566 1354; 013 590 0665,[082 566 1354](https://wa.me/27825661354),,https://www.appleproperty.co.za/results/residential/for-sale/witbank/reyno-ridge/townhouse/1776686/
buy,AP24011,"121,000m2 Farm For Sale in Tiegerpoort AH","R6,495,000",Tiegerpoort Ah,Pretoria,Farm,,,,,,"267 Graham Road, Tiegerpoort AH, Pretoria",Koos Smit,082 555 4776; 012 348 0123,[082 555 4776](https://wa.me/27825554776),,https://www.appleproperty.co.za/results/residential/for-sale/pretoria/tiegerpoort-ah/farm/3116634/267-graham-road/
buy,AP2206,4 Bedroom House For Sale in Del Judor,"R4,250,000",Del Judor,Witbank,House,4,3,,,,,Milena Kanka,013 590 0665,,,https://www.appleproperty.co.za/results/residential/for-sale/witbank/del-judor/house/844290/
buy,AP22436,4 Bedroom House For Sale in Bankenveld Golf Estate,"R5,950,000",Bankenveld Golf Estate,Witbank,House,4,3.5,,,,,Milena Kanka,013 590 0665,,,https://www.appleproperty.co.za/results/residential/for-sale/witbank/bankenveld-golf-estate/house/1768434/
buy,AP23109,1 Bedroom Retirement Unit For Sale in Equestria,"R999,000",Equestria,Pretoria,Retirement Unit,1,1,,,,,Hannelize Wilken,084 580 8700; 012 348 0123,[084 580 8700](https://wa.me/27845808700),retirement; assisted-living,https://www.appleproperty.co.za/results/residential/for-sale/pretoria/equestria/retirement-unit/2434750/
buy,AP21556,0.5 Bedroom Apartment For Sale in Hatfield,"R740,000",Hatfield,Pretoria,Apartment,0.5,1,,,,,Rita Fitzgerald,083 228 9633; 012 348 0123,[083 228 9633](https://wa.me/27832289633),,https://www.appleproperty.co.za/results/residential/for-sale/pretoria/hatfield/apartment/1245976/
buy,AP19925,3 Bedroom House For Sale in Die Heuwel,"R2,150,000",Die Heuwel,Witbank,House,3,3,,,,,Willa Lombard,082 566 1354; 013 590 0665,[082 566 1354](https://wa.me/27825661354),,https://www.appleproperty.co.za/results/residential/for-sale/witbank/die-heuwel/house/846181/
buy,AP22676,21Ha Smallholding For Sale in Mookgopong,"R3,100,000",Mookgopong,Mookgopong,Smallholding,3,2,,,,,Erinda Van Aswegen,072 542 7373,[072 542 7373](https://wa.me/27725427373),,https://www.appleproperty.co.za/results/residential/for-sale/mookgopong/mookgopong/smallholding/1856206/
buy,AP23872,21.40Ha Farm For Sale in Bela Bela,"R2,200,000",Bela Bela,Bela Bela,Farm,9,4,,,,,Margaret Horton,078 331 5590; 065 851 0009,[078 331 5590](https://wa.me/27783315590); [065 851 0009](https://wa.me/27658510009),,https://www.appleproperty.co.za/results/residential/for-sale/bela-bela/bela-bela/farm/3037284/
buy,AP23891,317Ha Farm For Sale in Bela Bela,"R19,000,000",Bela Bela,Bela Bela,Farm,3,3,,,,,Margaret Horton,078 331 5590; 065 851 0009,[078 331 5590](https://wa.me/27783315590); [065 851 0009](https://wa.me/27658510009),,https://www.appleproperty.co.za/results/residential/for-sale/bela-bela/bela-bela/farm/3046663/
buy,AP24003,4 Bedroom House For Sale in Moreleta Park,"R2,995,000",Moreleta Park,Pretoria,House,4,2,,,,,Herman Van Rooy,082 494 1449; 012 348 0123,[082 494 1449](https://wa.me/27824941449),,https://www.appleproperty.co.za/results/residential/for-sale/pretoria/moreleta-park/house/3113772/
buy,AP20079,5 Bedroom House For Sale in Hoeveld Park,"R2,650,000",Hoeveld Park,Witbank,House,5,3,,,,,Willa Lombard,082 566 1354; 013 590 0665,[082 566 1354](https://wa.me/27825661354),,https://www.appleproperty.co.za/results/residential/for-sale/witbank/hoeveld-park/house/846518/
buy,AP23756,4 Bedroom Gated Estate For Sale in Modimolle Rural,"R1,760,000",Modimolle Rural,Modimolle,Gated Estate,4,3,,,,,Margaret Horton,078 331 5590; 065 851 0009,[078 331 5590](https://wa.me/27783315590); [065 851 0009](https://wa.me/27658510009),,https://www.appleproperty.co.za/results/residential/for-sale/modimolle/modimolle-rural/gated-estate/2996185/
buy,AP24132,3 Bedroom House For Sale in Centurion Golf Estate,"R3,500,000",Centurion Golf Estate,Centurion,House,3,2,,,,,Magde Meyer,083 387 3437; 012 940 0099,[083 387 3437](https://wa.me/27833873437),,https://www.appleproperty.co.za/results/residential/for-sale/centurion/centurion-golf-estate/house/3169594/
buy,AP23462,4 Bedroom House For Sale in Wapadrand,"R4,290,000",Wapadrand,Pretoria,House,4,2,,,,,,072 440 1788; 012 348 0123,[072 440 1788](https://wa.me/27724401788),,https://www.appleproperty.co.za/results/residential/for-sale/pretoria/wapadrand/house/2839944/
buy,AP23994,3 Bedroom Townhouse For Sale in Rietvalleirand,"R2,745,000",Rietvalleirand,Pretoria,Townhouse,3,2,,,,,Retha Veldsman,082 928 7803; 012 348 0123,[082 928 7803](https://wa.me/27829287803),,https://www.appleproperty.co.za/results/residential/for-sale/pretoria/rietvalleirand/townhouse/3106091/
buy,AP19754,"50,100m2 Vacant Land For Sale in Mooiplaats AH","R963,000",Mooiplaats Ah,Pretoria,Vacant Land,,,,,,"1648 Bergpad, Mooiplaats AH, Pretoria",Koos Smit,082 555 4776; 012 348 0123,[082 555 4776](https://wa.me/27825554776),,https://www.appleproperty.co.za/results/residential/for-sale/pretoria/mooiplaats-ah/vacant-land/851209/1648-bergpad/
buy,AP23413,77Ha Farm For Sale in Mookgopong,"R3,850,000",Mookgopong,Mookgopong,Farm,3,2,,,,,Erinda Van Aswegen,072 542 7373,[072 542 7373](https://wa.me/27725427373),,https://www.appleproperty.co.za/results/residential/for-sale/mookgopong/mookgopong/farm/2803474/
buy,AP23399,"2,516m2 Vacant Land For Sale in Verloren Estate","R399,000",Verloren Estate,Bela Bela,Vacant Land,,,,,,,Margaret Horton,078 331 5590; 065 851 0009,[078 331 5590](https://wa.me/27783315590); [065 851 0009](https://wa.me/27658510009),retirement,https://www.appleproperty.co.za/results/residential/for-sale/bela-bela/verloren-estate/vacant-land/2792872/
buy,AP23967,"251,800m2 Farm For Sale in Klipkop","R10,495,000",Klipkop,Bronkhorstspruit,Farm,4,3,,,,,Koos Smit,082 555 4776; 012 348 0123,[082 555 4776](https://wa.me/27825554776),,https://www.appleproperty.co.za/results/residential/for-sale/bronkhorstspruit/klipkop/farm/3087025/
buy,AP23288,947m2 Vacant Land For Sale in Silverwoods Country Estate,"R2,500,000",Silverwoods Country Estate,Pretoria,Vacant Land,,,,,,,,072 440 1788; 012 348 0123,[072 440 1788](https://wa.me/27724401788),,https://www.appleproperty.co.za/results/residential/for-sale/pretoria/silverwoods-country-estate/vacant-land/2719131/
buy,AP23322,"1,065m2 Vacant Land For Sale in Silver Lakes Golf Estate","R3,050,000",Silver Lakes Golf Estate,Pretoria,Vacant Land,,,,,,,,072 440 1788; 012 348 0123,[072 440 1788](https://wa.me/27724401788),,https://www.appleproperty.co.za/results/residential/for-sale/pretoria/silver-lakes-golf-estate/vacant-land/2740934/
buy,AP23697,Freehold Sold in Tiegerpoort AH,"R2,185,000",Tiegerpoort Ah,Pretoria,Freehold,,,,,,"239 Graham Tar Road, Tiegerpoort AH, Pretoria",Koos Smit,082 555 4776; 012 348 0123,[082 555 4776](https://wa.me/27825554776),sold,https://www.appleproperty.co.za/results/residential/for-sale/pretoria/tiegerpoort-ah/freehold/2967845/239-graham-tar-road/
buy,AP20304,5 Bedroom House For Sale in Sterrewag,"R3,600,000",Sterrewag,Pretoria,House,5,5.5,,,,,Rina Verryne,083 269 0085; 012 348 0123,[083 269 0085](https://wa.me/27832690085),,https://www.appleproperty.co.za/results/residential/for-sale/pretoria/sterrewag/house/860832/
buy,AP24033,4 Bedroom Duplex For Sale in Centurion Golf Estate,"R3,350,000",Centurion Golf Estate,Centurion,Duplex,4,2,,,,,Magde Meyer,083 387 3437; 012 940 0099,[083 387 3437](https://wa.me/27833873437),,https://www.appleproperty.co.za/results/residential/for-sale/centurion/centurion-golf-estate/duplex/3124514/
buy,AP24097,3 Bedroom Duet For Sale in Pierre Van Ryneveld,"R1,800,000",Pierre Van Ryneveld,Centurion,Duet,3,2,,,,,Lenie Visage,083 259 5342; 012 348 0123; 084 870 1465,[083 259 5342](https://wa.me/27832595342); [084 870 1465](https://wa.me/27848701465),,https://www.appleproperty.co.za/results/residential/for-sale/centurion/pierre-van-ryneveld/duet/3151549/
buy,AP24116,3 Bedroom House For Sale in Mookgopong,"R1,550,000",Mookgopong,Mookgopong,House,3,2,,,,,Erinda Van Aswegen,072 542 7373,[072 542 7373](https://wa.me/27725427373),,https://www.appleproperty.co.za/results/residential/for-sale/mookgopong/mookgopong/house/3165939/
buy,AP23918,2 Bedroom Townhouse For Sale in Wapadrand,"R1,265,000",Wapadrand,Pretoria,Townhouse,2,1,,,,,Hannelize Wilken,084 580 8700; 012 348 0123,[084 580 8700](https://wa.me/27845808700),,https://www.appleproperty.co.za/results/residential/for-sale/pretoria/wapadrand/townhouse/3071216/
buy,AP23189,4 Bedroom House For Sale in Reyno Ridge,"R2,995,000",Reyno Ridge,Witbank,House,4,5,,,,,Willa Lombard,082 566 1354; 013 590 0665,[082 566 1354](https://wa.me/27825661354),,https://www.appleproperty.co.za/results/residential/for-sale/witbank/reyno-ridge/house/2492705/
buy,AP23809,3 Bedroom Freehold For Sale in Lynnwood Ridge,"R3,499,000",Lynnwood Ridge,Pretoria,Freehold,3,2,,,,,Este Moolman,083 268 0736; 012 348 0123,[083 268 0736](https://wa.me/27832680736),,https://www.appleproperty.co.za/results/residential/for-sale/pretoria/lynnwood-ridge/freehold/3019736/
buy,AP21129,3 Bedroom Townhouse For Sale in Del Judor,"R1,290,000",Del Judor,Witbank,Townhouse,3,2,,,,,Milena Kanka,013 590 0665,,,https://www.appleproperty.co.za/results/residential/for-sale/witbank/del-judor/townhouse/1137176/
buy,AP24120,3 Bedroom House For Sale in Weavind Park,"R1,850,000",Weavind Park,Pretoria,House,3,2.5,,,,"Exciting new release in Weavind, Park, Pretoria East! Exclusive to Apple Property.",Hannelize Wilken,084 580 8700; 012 348 0123,[084 580 8700](https://wa.me/27845808700),,https://www.appleproperty.co.za/results/residential/for-sale/pretoria/weavind-park/house/3166933/
buy,AP24070,3 Bedroom Freehold For Sale in Garsfontein,"R3,190,000",Garsfontein,Pretoria,Freehold,3,2,,,,,Vinette Smit,0826529627; 012 348 0123,[0826529627](https://wa.me/27826529627),,https://www.appleproperty.co.za/results/residential/for-sale/pretoria/garsfontein/freehold/3142287/
buy,AP23688,2 Bedroom Retirement Unit For Sale in Equestria,"R1,870,000",Equestria,Pretoria,Retirement Unit,2,2,,,,,Hannelize Wilken,084 580 8700; 012 348 0123,[084 580 8700](https://wa.me/27845808700),retirement; assisted-living,https://www.appleproperty.co.za/results/residential/for-sale/pretoria/equestria/retirement-unit/2963509/
buy,AP20269,3 Bedroom House For Sale in Mookgopong,"R3,000,000",Mookgopong,Mookgopong,House,3,2,,,,,Erinda Van Aswegen,072 542 7373,[072 542 7373](https://wa.me/27725427373),retirement,https://www.appleproperty.co.za/results/residential/for-sale/mookgopong/mookgopong/house/845466/
buy,AP23978,3 Bedroom House For Sale in Mookgopong,"R1,080,000",Mookgopong,Mookgopong,House,3,2,,,,,Erinda Van Aswegen,072 542 7373,[072 542 7373](https://wa.me/27725427373),,https://www.appleproperty.co.za/results/residential/for-sale/mookgopong/mookgopong/house/3092725/
buy,AP23327,9 Bedroom House For Sale in Waterkloof Ridge,"R3,950,000",Waterkloof Ridge,Pretoria,House,9,6,,,,,Vivienne Doeg,082 301 6767; 012 348 0123,[082 301 6767](https://wa.me/27823016767),,https://www.appleproperty.co.za/results/residential/for-sale/pretoria/waterkloof-ridge/house/2742097/
buy,AP23932,4 Bedroom House For Sale in Bapsfontein,"R2,950,000",Bapsfontein,Bronkhorstspruit,House,4,2,,,,,Koos Smit,082 555 4776; 012 348 0123,[082 555 4776](https://wa.me/27825554776),,https://www.appleproperty.co.za/results/residential/for-sale/bronkhorstspruit/bapsfontein/house/3078768/
buy,AP24124,3 Bedroom Townhouse For Sale in Silverton,"R1,250,000",Silverton,Pretoria,Townhouse,3,2,,,,,Marianne Kenny,072 456 1802; 012 348 0123,[072 456 1802](https://wa.me/27724561802),,https://www.appleproperty.co.za/results/residential/for-sale/pretoria/silverton/townhouse/3168365/
buy,AP23866,3 Bedroom Townhouse For Sale in Bela Bela,"R999,000",Bela Bela,Bela Bela,Townhouse,3,1,,,,,Margaret Horton,078 331 5590; 065 851 0009,[078 331 5590](https://wa.me/27783315590); [065 851 0009](https://wa.me/27658510009),retirement,https://www.appleproperty.co.za/results/residential/for-sale/bela-bela/bela-bela/townhouse/3035878/
buy,AP9518,15Ha Farm For Sale in Tiegerpoort AH,"R6,350,000",Tiegerpoort Ah,Pretoria,Farm,5,2,,,,,Koos Smit,082 555 4776; 012 348 0123,[082 555 4776](https://wa.me/27825554776),,https://www.appleproperty.co.za/results/residential/for-sale/pretoria/tiegerpoort-ah/farm/851441/
buy,AP24083,2 Bedroom Retirement Unit For Sale in Bela Bela,"R1,207,500",Bela Bela,Bela Bela,Retirement Unit,2,2,,,,,,065 921 3851; 065 851 0009,[065 921 3851](https://wa.me/27659213851); [065 851 0009](https://wa.me/27658510009),retirement,https://www.appleproperty.co.za/results/residential/for-sale/bela-bela/bela-bela/retirement-unit/3147305/
buy,AP17760,0.5 Bedroom Apartment For Sale in Hatfield,"R770,000",Hatfield,Pretoria,Apartment,0.5,1,,,,,Rita Fitzgerald,083 228 9633; 012 348 0123,[083 228 9633](https://wa.me/27832289633),,https://www.appleproperty.co.za/results/residential/for-sale/pretoria/hatfield/apartment/846576/
buy,AP23400,1.60Ha Vacant Land For Sale in Modimolle Rural,"R650,000",Modimolle Rural,Modimolle,Vacant Land,,,,,,,Margaret Horton,078 331 5590; 065 851 0009,[078 331 5590](https://wa.me/27783315590); [065 851 0009](https://wa.me/27658510009),,https://www.appleproperty.co.za/results/residential/for-sale/modimolle/modimolle-rural/vacant-land/2793104/
buy,AP23784,"1,421m2 Vacant Land For Sale in Six Fountains Residential Estate","R3,400,000",Six Fountains Residential Estate,Pretoria,Vacant Land,,,,,,,,072 440 1788; 012 348 0123,[072 440 1788](https://wa.me/27724401788),,https://www.appleproperty.co.za/results/residential/for-sale/pretoria/six-fountains-residential-estate/vacant-land/3013601/
buy,AP23056,3 Bedroom House For Sale in Mookgopong,"R2,420,000",Mookgopong,Mookgopong,House,3,4,,,,,Erinda Van Aswegen,072 542 7373,[072 542 7373](https://wa.me/27725427373),,https://www.appleproperty.co.za/results/residential/for-sale/mookgopong/mookgopong/house/2388845/
buy,AP21750,22Ha Farm For Sale in Donkerhoek AH,"R1,500,000",Donkerhoek Ah,Cullinan,Farm,,,,,,,Koos Smit,082 555 4776; 012 348 0123,[082 555 4776](https://wa.me/27825554776),,https://www.appleproperty.co.za/results/residential/for-sale/cullinan/donkerhoek-ah/farm/1334390/
buy,AP19053,"13,000m2 Smallholding For Sale in Zwavelpoort AH","R12,500,000",Zwavelpoort Ah,Pretoria,Smallholding,4,4,,,,,Koos Smit,082 555 4776; 012 348 0123,[082 555 4776](https://wa.me/27825554776),,https://www.appleproperty.co.za/results/residential/for-sale/pretoria/zwavelpoort-ah/smallholding/851765/
buy,AP23287,947m2 Vacant Land For Sale in Silverwoods Country Estate,"R2,500,000",Silverwoods Country Estate,Pretoria,Vacant Land,,,,,,,,072 440 1788; 012 348 0123,[072 440 1788](https://wa.me/27724401788),,https://www.appleproperty.co.za/results/residential/for-sale/pretoria/silverwoods-country-estate/vacant-land/2719079/
buy,AP23504,2 Bedroom Apartment Sold in Zwartkop,"R795,000",Zwartkop,Centurion,Apartment,2,1,,,,,Magde Meyer,083 387 3437; 012 940 0099,[083 387 3437](https://wa.me/27833873437),sold,https://www.appleproperty.co.za/results/residential/for-sale/centurion/zwartkop/apartment/2892118/
buy,AP21886,"1,910Ha Farm For Sale in Mookgopong","R26,000,000",Mookgopong,Mookgopong,Farm,4,4,,,,,Erinda Van Aswegen,072 542 7373,[072 542 7373](https://wa.me/27725427373),,https://www.appleproperty.co.za/results/residential/for-sale/mookgopong/mookgopong/farm/1434824/
buy,AP21693,16 Bedroom Apartment Block For Sale in Bela Bela,"R3,990,000",Bela Bela,Bela Bela,Apartment Block,16,9,,,,,Margaret Horton,078 331 5590; 065 851 0009,[078 331 5590](https://wa.me/27783315590); [065 851 0009](https://wa.me/27658510009),,https://www.appleproperty.co.za/results/residential/for-sale/bela-bela/bela-bela/apartment-block/1311051/
buy,AP22675,3 Bedroom House For Sale in Mookgopong,"R1,350,000",Mookgopong,Mookgopong,House,3,3,,,,,Erinda Van Aswegen,072 542 7373,[072 542 7373](https://wa.me/27725427373),,https://www.appleproperty.co.za/results/residential/for-sale/mookgopong/mookgopong/house/1856096/
buy,AP22919,6 Bedroom House For Sale in Six Fountains Residential Estate,"R12,000,000",Six Fountains Residential Estate,Pretoria,House,6,6.5,,,,,,072 440 1788; 012 348 0123,[072 440 1788](https://wa.me/27724401788),,https://www.appleproperty.co.za/results/residential/for-sale/pretoria/six-fountains-residential-estate/house/2331905/
buy,AP22823,4 Bedroom House For Sale in Eldo Village Estate,"R5,950,000",Eldo Village Estate,Centurion,House,4,4.5,,,,"4529 sacramanto street, Eldo Village Estate, Centurion",Shogan Naidoo,072 430 6757,[072 430 6757](https://wa.me/27724306757),,https://www.appleproperty.co.za/results/residential/for-sale/centurion/eldo-village-estate/house/2255955/4529-sacramanto-street/
buy,AP23490,5 Bedroom House For Sale in Highlands Wilderness Estate,"R3,300,000",Highlands Wilderness Estate,Bela Bela,House,5,4,,,,,Margaret Horton,078 331 5590; 065 851 0009,[078 331 5590](https://wa.me/27783315590); [065 851 0009](https://wa.me/27658510009),,https://www.appleproperty.co.za/results/residential/for-sale/bela-bela/highlands-wilderness-estate/house/2885070/
buy,AP24039,3 Bedroom Townhouse For Sale in Del Judor Ext 4,"R1,750,000",Del Judor Ext 4,Witbank,Townhouse,3,2,,,,,Milena Kanka,013 590 0665,,,https://www.appleproperty.co.za/results/residential/for-sale/witbank/del-judor-ext-4/townhouse/3130038/
buy,AP23930,4 Bedroom Freehold For Sale in Lynnwood Manor,"R3,300,000",Lynnwood Manor,Pretoria,Freehold,4,2,,,,,Este Moolman,083 268 0736; 012 348 0123,[083 268 0736](https://wa.me/27832680736),,https://www.appleproperty.co.za/results/residential/for-sale/pretoria/lynnwood-manor/freehold/3078318/
buy,AP21378,7 Bedroom House For Sale in Brooklyn,"R10,895,000",Brooklyn,Pretoria,House,7,7.5,,,,,Sandy Lunt,0823222322; 012 348 0123,[0823222322](https://wa.me/27823222322),,https://www.appleproperty.co.za/results/residential/for-sale/pretoria/brooklyn/house/1205972/
buy,AP24075,4 Bedroom House Sold in Waterkloof Ridge,"R4,200,000",Waterkloof Ridge,Pretoria,House,4,2.5,,,,,Rina Verryne,083 269 0085; 012 348 0123,[083 269 0085](https://wa.me/27832690085),sold,https://www.appleproperty.co.za/results/residential/for-sale/pretoria/waterkloof-ridge/house/3143352/
buy,AP24122,2 Bedroom Apartment For Sale in Noordwyk,"R980,000",Noordwyk,Midrand,Apartment,2,2,,,,"00 Katara, 870 George Road, Noordwyk, Midrand",Shogan Naidoo,072 430 6757,[072 430 6757](https://wa.me/27724306757),,https://www.appleproperty.co.za/results/residential/for-sale/midrand/noordwyk/apartment/3168318/00-katara-870-george-road/
buy,AP24150,21Ha Smallholding For Sale in Grootvalley AH,"R1,300,000",Grootvalley Ah,Mookgopong,Smallholding,,,,,,,Erinda Van Aswegen,072 542 7373,[072 542 7373](https://wa.me/27725427373),,https://www.appleproperty.co.za/results/residential/for-sale/mookgopong/grootvalley-ah/smallholding/3181544/
buy,AP23739,3 Bedroom House For Sale in Mookgopong,"R1,380,000",Mookgopong,Mookgopong,House,3,2,,,,,Erinda Van Aswegen,072 542 7373,[072 542 7373](https://wa.me/27725427373),,https://www.appleproperty.co.za/results/residential/for-sale/mookgopong/mookgopong/house/2986335/
buy,AP20947,3 Bedroom Freestanding For Sale in Lynnwood,"R4,114,000",Lynnwood,Pretoria,Freestanding,3,3,,,,,Andre Sciocatti,082 930 7386; 012 348 0123; 072 456 1802,[082 930 7386](https://wa.me/27829307386); [072 456 1802](https://wa.me/27724561802),,https://www.appleproperty.co.za/results/residential/for-sale/pretoria/lynnwood/freestanding/1052575/
buy,AP24073,"1,047Ha Farm For Sale in Roedtan","R22,500,000",Roedtan,Mookgopong,Farm,30,10,,,,,Erinda Van Aswegen,072 542 7373,[072 542 7373](https://wa.me/27725427373),,https://www.appleproperty.co.za/results/residential/for-sale/mookgopong/roedtan/farm/3143167/
buy,AP23337,"2,163m2 Vacant Land For Sale in Six Fountains Residential Estate","R4,500,000",Six Fountains Residential Estate,Pretoria,Vacant Land,,,,,,,,072 440 1788; 012 348 0123,[072 440 1788](https://wa.me/27724401788),,https://www.appleproperty.co.za/results/residential/for-sale/pretoria/six-fountains-residential-estate/vacant-land/2747793/
buy,AP24062,"855,400m2 Farm For Sale in Boschkop AH","R13,230,000",Boschkop Ah,Pretoria,Farm,4,4.5,,,,"150 Groen pad, Boschkop AH, Pretoria",Koos Smit,082 555 4776; 012 348 0123,[082 555 4776](https://wa.me/27825554776),,https://www.appleproperty.co.za/results/residential/for-sale/pretoria/boschkop-ah/farm/3139787/150-groen-pad/
buy,AP23743,2 Bedroom Townhouse For Sale in Bela Bela,"R1,195,000",Bela Bela,Bela Bela,Townhouse,2,2.5,,,,,Margaret Horton,078 331 5590; 065 851 0009,[078 331 5590](https://wa.me/27783315590); [065 851 0009](https://wa.me/27658510009),,https://www.appleproperty.co.za/results/residential/for-sale/bela-bela/bela-bela/townhouse/2988884/
buy,AP20228,78Ha Farm For Sale in Mookgopong,"R3,700,000",Mookgopong,Mookgopong,Farm,3,2,,,,,Erinda Van Aswegen,072 542 7373,[072 542 7373](https://wa.me/27725427373),,https://www.appleproperty.co.za/results/residential/for-sale/mookgopong/mookgopong/farm/846616/
buy,AP24099,8.50Ha Smallholding For Sale in Bela Bela Rural,"R1,800,000",Bela Bela Rural,Bela Bela,Smallholding,3,5,,,,,,062 568 0285; 065 851 0009,[062 568 0285](https://wa.me/27625680285); [065 851 0009](https://wa.me/27658510009),,https://www.appleproperty.co.za/results/residential/for-sale/bela-bela/bela-bela-rural/smallholding/3153527/
buy,AP22921,5 Bedroom House For Sale in Six Fountains Residential Estate,"R10,000,000",Six Fountains Residential Estate,Pretoria,House,5,5.5,,,,,,072 440 1788; 012 348 0123,[072 440 1788](https://wa.me/27724401788),,https://www.appleproperty.co.za/results/residential/for-sale/pretoria/six-fountains-residential-estate/house/2331947/
buy,AP23877,3 Bedroom Townhouse For Sale in Die Wilgers,"R1,630,000",Die Wilgers,Pretoria,Townhouse,3,2,,,,,Andre Sciocatti,082 930 7386; 012 348 0123,[082 930 7386](https://wa.me/27829307386),,https://www.appleproperty.co.za/results/residential/for-sale/pretoria/die-wilgers/townhouse/3042012/
buy,AP23364,2 Bedroom Apartment Block For Sale in Mookgopong,"R1,000,000",Mookgopong,Mookgopong,Apartment Block,2,1,,,,,Erinda Van Aswegen,072 542 7373,[072 542 7373](https://wa.me/27725427373),,https://www.appleproperty.co.za/results/residential/for-sale/mookgopong/mookgopong/apartment-block/2783468/
buy,AP24146,6 Bedroom House For Sale in Shere,"R13,495,000",Shere,Pretoria,House,6,4,,,,"67 Henry, Shere, Pretoria",Koos Smit,082 555 4776; 012 348 0123,[082 555 4776](https://wa.me/27825554776),,https://www.appleproperty.co.za/results/residential/for-sale/pretoria/shere/house/3178287/67-henry/
buy,AP20661,5 Bedroom Freestanding For Sale in Cornwall Hill,"R7,995,000",Cornwall Hill,Centurion,Freestanding,5,4.5,,,,,Melanie Burrell,082 653 5568; 012 940 0099,[082 653 5568](https://wa.me/27826535568),,https://www.appleproperty.co.za/results/residential/for-sale/centurion/cornwall-hill/freestanding/952600/
buy,AP19366,0.5 Bedroom Apartment For Sale in Hatfield,"R690,000",Hatfield,Pretoria,Apartment,0.5,1,,,,,Rita Fitzgerald,083 228 9633; 012 348 0123,[083 228 9633](https://wa.me/27832289633),,https://www.appleproperty.co.za/results/residential/for-sale/pretoria/hatfield/apartment/844187/
buy,AP23586,"85,650m2 Farm For Sale in Tiegerpoort AH","R5,500,000",Tiegerpoort Ah,Pretoria,Farm,3,3,,,,"13 Graham Road, Tiegerpoort AH, Pretoria",Koos Smit,082 555 4776; 012 348 0123,[082 555 4776](https://wa.me/27825554776),,https://www.appleproperty.co.za/results/residential/for-sale/pretoria/tiegerpoort-ah/farm/2924532/13-graham-road/
buy,AP24016,3 Bedroom Retirement Unit For Sale in Equestria,"R2,798,000",Equestria,Pretoria,Retirement Unit,3,2,,,,,Hannelize Wilken,084 580 8700; 012 348 0123,[084 580 8700](https://wa.me/27845808700),retirement; assisted-living,https://www.appleproperty.co.za/results/residential/for-sale/pretoria/equestria/retirement-unit/3117372/
buy,AP22534,2 Bedroom House For Sale in Mookgopong,"R1,270,000",Mookgopong,Mookgopong,House,2,2,,,,,Erinda Van Aswegen,072 542 7373,[072 542 7373](https://wa.me/27725427373),,https://www.appleproperty.co.za/results/residential/for-sale/mookgopong/mookgopong/house/1809032/
buy,AP22682,"43,500m2 Farm For Sale in Boschkop AH","R3,890,000",Boschkop Ah,Pretoria,Farm,4,2.5,,,,"124 Waterbuck, Boschkop AH, Pretoria",Koos Smit,082 555 4776; 012 348 0123,[082 555 4776](https://wa.me/27825554776),,https://www.appleproperty.co.za/results/residential/for-sale/pretoria/boschkop-ah/farm/1858089/124-waterbuck/
buy,AP24055,4 Bedroom House For Sale in Centurion Golf Estate,"R4,400,000",Centurion Golf Estate,Centurion,House,4,3,,,,,Magde Meyer,083 387 3437; 012 940 0099,[083 387 3437](https://wa.me/27833873437),,https://www.appleproperty.co.za/results/residential/for-sale/centurion/centurion-golf-estate/house/3138338/
buy,AP23434,1 Bedroom Apartment For Sale in Hatfield,"R950,000",Hatfield,Pretoria,Apartment,1,1,,,,"DC A602 DUNCAN COURT, 1226 PARK, Hatfield, Pretoria",Rita Fitzgerald,083 228 9633; 012 348 0123,[083 228 9633](https://wa.me/27832289633),,https://www.appleproperty.co.za/results/residential/for-sale/pretoria/hatfield/apartment/2820913/dc-a602-duncan-court-1226-park/
buy,AP23825,3 Bedroom Apartment For Sale in Waterkloof,"R2,580,000",Waterkloof,Pretoria,Apartment,3,2,,,,,Vivienne Doeg,082 301 6767; 012 348 0123,[082 301 6767](https://wa.me/27823016767),,https://www.appleproperty.co.za/results/residential/for-sale/pretoria/waterkloof/apartment/3023507/
buy,AP23689,3 Bedroom Townhouse For Sale in Equestria,"R1,695,000",Equestria,Pretoria,Townhouse,3,2,,,,,Hannelize Wilken,084 580 8700; 012 348 0123,[084 580 8700](https://wa.me/27845808700),,https://www.appleproperty.co.za/results/residential/for-sale/pretoria/equestria/townhouse/2963831/
buy,AP24121,2 Bedroom Freehold For Sale in Silver Lakes,"R4,355,000",Silver Lakes,Pretoria,Freehold,2,2.5,,,,,Andre Sciocatti,082 930 7386; 012 348 0123,[082 930 7386](https://wa.me/27829307386),retirement,https://www.appleproperty.co.za/results/residential/for-sale/pretoria/silver-lakes/freehold/3167338/
buy,AP23335,4 Bedroom House For Sale in Centurion Golf Estate,"R5,950,000",Centurion Golf Estate,Centurion,House,4,3.5,,,,,Magde Meyer,083 387 3437; 012 940 0099,[083 387 3437](https://wa.me/27833873437),,https://www.appleproperty.co.za/results/residential/for-sale/centurion/centurion-golf-estate/house/2746446/
buy,AP19386,3 Bedroom Sectional Title For Sale in Bela Bela,"R899,000",Bela Bela,Bela Bela,Sectional Title,3,2,,,,,Margaret Horton,078 331 5590; 065 851 0009,[078 331 5590](https://wa.me/27783315590); [065 851 0009](https://wa.me/27658510009),retirement,https://www.appleproperty.co.za/results/residential/for-sale/bela-bela/bela-bela/sectional-title/846553/
buy,AP23953,2 Bedroom Apartment For Sale in Newlands,"R1,450,000",Newlands,Pretoria,Apartment,2,1,,,,,Petro Sciocatti,082 551 7990; 012 348 0123; 082 930 7386,[082 551 7990](https://wa.me/27825517990); [082 930 7386](https://wa.me/27829307386),retirement,https://www.appleproperty.co.za/results/residential/for-sale/pretoria/newlands/apartment/3081315/
buy,AP20870,3 Bedroom House For Sale in Lynnwood,"R4,114,000",Lynnwood,Pretoria,House,3,3,,,,,Andre Sciocatti,082 930 7386; 012 348 0123,[082 930 7386](https://wa.me/27829307386),,https://www.appleproperty.co.za/results/residential/for-sale/pretoria/lynnwood/house/1038351/
buy,AP22532,21Ha Farm For Sale in Mookgopong,"R3,180,000",Mookgopong,Mookgopong,Farm,4,3,,,,,Erinda Van Aswegen,072 542 7373,[072 542 7373](https://wa.me/27725427373),,https://www.appleproperty.co.za/results/residential/for-sale/mookgopong/mookgopong/farm/1808558/
buy,AP23237,5 Bedroom House For Sale in Bankenveld Estate,"R4,800,000",Bankenveld Estate,Witbank,House,5,4,,,,,Milena Kanka,013 590 0665,,,https://www.appleproperty.co.za/results/residential/for-sale/witbank/bankenveld-estate/house/2555180/
buy,AP21979,13 Bedroom House For Sale in Shere,"R11,200,000",Shere,Pretoria,House,13,10,,,,,Koos Smit,082 555 4776; 012 348 0123,[082 555 4776](https://wa.me/27825554776),,https://www.appleproperty.co.za/results/residential/for-sale/pretoria/shere/house/1464663/
buy,AP24015,2 Bedroom Townhouse For Sale in Equestria,"R1,399,000",Equestria,Pretoria,Townhouse,2,2,,,,,Hannelize Wilken,084 580 8700; 012 348 0123,[084 580 8700](https://wa.me/27845808700),,https://www.appleproperty.co.za/results/residential/for-sale/pretoria/equestria/townhouse/3117315/
buy,AP23957,2 Bedroom Package Home For Sale in Hazeldean,"R4,315,000",Hazeldean,Pretoria,Package Home,2,2.5,,,,,Andre Sciocatti,082 930 7386; 012 348 0123; 082 551 7990,[082 930 7386](https://wa.me/27829307386); [082 551 7990](https://wa.me/27825517990),retirement,https://www.appleproperty.co.za/results/residential/for-sale/pretoria/hazeldean/package-home/3081437/
buy,AP22797,3 Bedroom Duplex For Sale in Ben Fleur,"R1,520,000",Ben Fleur,Witbank,Duplex,3,2.5,,,,,Charlotte Erasmus,082 444 5332; 013 590 0665,[082 444 5332](https://wa.me/27824445332),,https://www.appleproperty.co.za/results/residential/for-sale/witbank/ben-fleur/duplex/2211160/
buy,AP23905,2 Bedroom Simplex For Sale in Pierre Van Ryneveld,"R1,100,000",Pierre Van Ryneveld,Centurion,Simplex,2,1,,,,,Lenie Visage,083 259 5342; 012 348 0123; 084 870 1465,[083 259 5342](https://wa.me/27832595342); [084 870 1465](https://wa.me/27848701465),,https://www.appleproperty.co.za/results/residential/for-sale/centurion/pierre-van-ryneveld/simplex/3053956/
buy,AP24074,"1,047Ha Farm For Sale in Roedtan","R22,500,000",Roedtan,Mookgopong,Farm,30,10,,,,,Erinda Van Aswegen,072 542 7373,[072 542 7373](https://wa.me/27725427373),,https://www.appleproperty.co.za/results/residential/for-sale/mookgopong/roedtan/farm/3143221/
buy,AP24084,4 Bedroom House For Sale in Moreleta Park,"R2,950,000",Moreleta Park,Pretoria,House,4,2,,,,,Herman Van Rooy,082 494 1449; 012 348 0123,[082 494 1449](https://wa.me/27824941449),,https://www.appleproperty.co.za/results/residential/for-sale/pretoria/moreleta-park/house/3147652/
buy,AP23920,3 Bedroom Townhouse For Sale in La Montagne,"R1,149,000",La Montagne,Pretoria,Townhouse,3,1,,,,,Hannelize Wilken,084 580 8700; 012 348 0123,[084 580 8700](https://wa.me/27845808700),,https://www.appleproperty.co.za/results/residential/for-sale/pretoria/la-montagne/townhouse/3072899/
buy,AP23960,2 Bedroom Package Home For Sale in Silver Lakes,"R4,915,000",Silver Lakes,Pretoria,Package Home,2,2.5,,,,,,072 440 1788; 012 348 0123,[072 440 1788](https://wa.me/27724401788),retirement,https://www.appleproperty.co.za/results/residential/for-sale/pretoria/silver-lakes/package-home/3082300/
buy,AP23380,4 Bedroom House For Sale in Ben Fleur,"R2,200,000",Ben Fleur,Witbank,House,4,2.5,,,,,Willa Lombard,082 566 1354; 013 590 0665,[082 566 1354](https://wa.me/27825661354),,https://www.appleproperty.co.za/results/residential/for-sale/witbank/ben-fleur/house/2786314/
buy,AP23754,3 Bedroom House For Sale in Waterkloof,"R4,750,000",Waterkloof,Pretoria,House,3,3,,,,,Vivienne Doeg,082 301 6767; 012 348 0123,[082 301 6767](https://wa.me/27823016767),,https://www.appleproperty.co.za/results/residential/for-sale/pretoria/waterkloof/house/2995955/
buy,AP22879,3 Bedroom Townhouse For Sale in Pretoriuspark,"R1,582,500",Pretoriuspark,Pretoria,Townhouse,3,3,,,,,,061 409 4722; 012 348 0123,[061 409 4722](https://wa.me/27614094722),,https://www.appleproperty.co.za/results/residential/for-sale/pretoria/pretoriuspark/townhouse/2275409/
buy,AP23805,3 Bedroom Townhouse For Sale in Equestria,"R1,750,000",Equestria,Pretoria,Townhouse,3,2,,,,,Hannelize Wilken,084 580 8700; 012 348 0123,[084 580 8700](https://wa.me/27845808700),,https://www.appleproperty.co.za/results/residential/for-sale/pretoria/equestria/townhouse/3019146/
buy,AP23409,4 Bedroom Gated Estate For Sale in Waterkloof,"R6,999,000",Waterkloof,Pretoria,Gated Estate,4,3,,,,,Vivienne Doeg,082 301 6767; 012 348 0123,[082 301 6767](https://wa.me/27823016767),,https://www.appleproperty.co.za/results/residential/for-sale/pretoria/waterkloof/gated-estate/2797709/
buy,AP19949,20Ha Smallholding For Sale in Mookgopong,"R2,100,000",Mookgopong,Mookgopong,Smallholding,3,2,,,,,Erinda Van Aswegen,072 542 7373,[072 542 7373](https://wa.me/27725427373),,https://www.appleproperty.co.za/results/residential/for-sale/mookgopong/mookgopong/smallholding/845919/
buy,AP24076,3 Bedroom Simplex For Sale in Elandspoort,"R900,000",Elandspoort,Pretoria,Simplex,3,1,,,,,Rina Verryne,083 269 0085; 012 348 0123,[083 269 0085](https://wa.me/27832690085),,https://www.appleproperty.co.za/results/residential/for-sale/pretoria/elandspoort/simplex/3143368/
buy,AP19667,"58,000m2 Smallholding For Sale in Mooiplaats AH","R6,840,000",Mooiplaats Ah,Pretoria,Smallholding,6,4.5,,,,"55 Hadeda str, Mooiplaats AH, Pretoria",Koos Smit,082 555 4776; 012 348 0123,[082 555 4776](https://wa.me/27825554776),,https://www.appleproperty.co.za/results/residential/for-sale/pretoria/mooiplaats-ah/smallholding/851211/55-hadeda-str/
buy,AP23981,3 Bedroom Townhouse For Sale in Silverton,"R1,350,000",Silverton,Pretoria,Townhouse,3,2,,,,,Marianne Kenny,072 456 1802; 012 348 0123,[072 456 1802](https://wa.me/27724561802),,https://www.appleproperty.co.za/results/residential/for-sale/pretoria/silverton/townhouse/3096418/
buy,AP24136,2 Bedroom Sectional Title For Sale in Rietvlei Heights Country Estate,"R1,650,000",Rietvlei Heights Country Estate,Pretoria,Sectional Title,2,2,,,,,Melanie Burrell,082 653 5568; 012 940 0099,[082 653 5568](https://wa.me/27826535568),,https://www.appleproperty.co.za/results/residential/for-sale/pretoria/rietvlei-heights-country-estate/sectional-title/3172100/
buy,AP23132,2 Bedroom Townhouse For Sale in Equestria,"R699,000",Equestria,Pretoria,Townhouse,2,1,,,,,Hannelize Wilken,084 580 8700; 012 348 0123,[084 580 8700](https://wa.me/27845808700),,https://www.appleproperty.co.za/results/residential/for-sale/pretoria/equestria/townhouse/2443969/
buy,AP24049,3 Bedroom Townhouse For Sale in Equestria,"R2,795,000",Equestria,Pretoria,Townhouse,3,2,,,,,Hannelize Wilken,084 580 8700; 012 348 0123,[084 580 8700](https://wa.me/27845808700),retirement; assisted-living,https://www.appleproperty.co.za/results/residential/for-sale/pretoria/equestria/townhouse/3134805/
buy,AP23647,2 Bedroom Apartment For Sale in Brooklyn,"R1,975,000",Brooklyn,Pretoria,Apartment,2,2,,,,,Sandy Lunt,0823222322; 012 348 0123,[0823222322](https://wa.me/27823222322),,https://www.appleproperty.co.za/results/residential/for-sale/pretoria/brooklyn/apartment/2947340/
buy,AP24063,4 Bedroom Gated Estate For Sale in Irene Farm Villages,"R4,990,000",Irene Farm Villages,Centurion,Gated Estate,4,4.5,,,,,Melanie Burrell,082 653 5568; 012 940 0099,[082 653 5568](https://wa.me/27826535568),,https://www.appleproperty.co.za/results/residential/for-sale/centurion/irene-farm-villages/gated-estate/3140937/
buy,AP23974,1 Bedroom Apartment For Sale in Menlyn,"R4,400,000",Menlyn,Pretoria,Apartment,1,1.5,,,,"504 Trilogy, 504 Mercy, Menlyn, Pretoria",Andre Sciocatti,082 930 7386; 012 348 0123,[082 930 7386](https://wa.me/27829307386),,https://www.appleproperty.co.za/results/residential/for-sale/pretoria/menlyn/apartment/3091039/504-trilogy-504-mercy/
buy,AP22814,3 Bedroom Freehold For Sale in Frankfort,"R1,395,000",Frankfort,Frankfort,Freehold,3,1.5,,,,"10 Carolina street, Frankfort, Frankfort",Rina Verryne,083 269 0085; 012 348 0123,[083 269 0085](https://wa.me/27832690085),,https://www.appleproperty.co.za/results/residential/for-sale/frankfort/frankfort/freehold/2252294/10-carolina-street/
buy,AP24057,3 Bedroom House For Sale in Mookgopong,"R1,300,000",Mookgopong,Mookgopong,House,3,2,,,,,Erinda Van Aswegen,072 542 7373,[072 542 7373](https://wa.me/27725427373),,https://www.appleproperty.co.za/results/residential/for-sale/mookgopong/mookgopong/house/3138996/
buy,AP23273,908m2 Vacant Land For Sale in Silverwoods Country Estate,"R2,500,000",Silverwoods Country Estate,Pretoria,Vacant Land,,,,,,,,072 440 1788; 012 348 0123,[072 440 1788](https://wa.me/27724401788),,https://www.appleproperty.co.za/results/residential/for-sale/pretoria/silverwoods-country-estate/vacant-land/2718511/
buy,AP24035,8.80Ha Smallholding For Sale in Bela Bela Rural,"R1,200,000",Bela Bela Rural,Bela Bela,Smallholding,2,2,,,,,,062 568 0285; 065 851 0009,[062 568 0285](https://wa.me/27625680285); [065 851 0009](https://wa.me/27658510009),,https://www.appleproperty.co.za/results/residential/for-sale/bela-bela/bela-bela-rural/smallholding/3126186/
buy,AP24092,2 Bedroom Simplex For Sale in Highveld,"R1,050,000",Highveld,Centurion,Simplex,2,2,,,,,Magde Meyer,083 387 3437; 012 940 0099,[083 387 3437](https://wa.me/27833873437),,https://www.appleproperty.co.za/results/residential/for-sale/centurion/highveld/simplex/3150682/
buy,AP23882,21Ha Farm For Sale in Bela Bela,"R2,690,000",Bela Bela,Bela Bela,Farm,4,2,,,,,,082 490 7659; 065 851 0009,[082 490 7659](https://wa.me/27824907659); [065 851 0009](https://wa.me/27658510009),,https://www.appleproperty.co.za/results/residential/for-sale/bela-bela/bela-bela/farm/3044636/
buy,AP23899,2 Bedroom Townhouse For Sale in Equestria,"R1,049,000",Equestria,Pretoria,Townhouse,2,2,,,,,Hannelize Wilken,084 580 8700; 012 348 0123,[084 580 8700](https://wa.me/27845808700),,https://www.appleproperty.co.za/results/residential/for-sale/pretoria/equestria/townhouse/3049743/
buy,AP24144,3 Bedroom House For Sale in Bankenveld Estate,"R3,700,000",Bankenveld Estate,Witbank,House,3,2.5,,,,,Milena Kanka,013 590 0665,,,https://www.appleproperty.co.za/results/residential/for-sale/witbank/bankenveld-estate/house/3177296/
buy,AP23652,8.50Ha Smallholding For Sale in Mookgopong,"R1,650,000",Mookgopong,Mookgopong,Smallholding,3,2,,,,,Erinda Van Aswegen,072 542 7373,[072 542 7373](https://wa.me/27725427373),,https://www.appleproperty.co.za/results/residential/for-sale/mookgopong/mookgopong/smallholding/2949667/
buy,AP17762,0.5 Bedroom Apartment For Sale in Hatfield,"R690,000",Hatfield,Pretoria,Apartment,0.5,1,,,,,Rita Fitzgerald,083 228 9633; 012 348 0123,[083 228 9633](https://wa.me/27832289633),,https://www.appleproperty.co.za/results/residential/for-sale/pretoria/hatfield/apartment/844175/
buy,AP22244,2 Bedroom Retirement Unit For Sale in Mookgopong,"R1,070,000",Mookgopong,Mookgopong,Retirement Unit,2,2,,,,,Erinda Van Aswegen,072 542 7373,[072 542 7373](https://wa.me/27725427373),retirement,https://www.appleproperty.co.za/results/residential/for-sale/mookgopong/mookgopong/retirement-unit/1711291/
buy,AP24114,3 Bedroom Sectional Title For Sale in Lynnwood Ridge,"R1,950,000",Lynnwood Ridge,Pretoria,Sectional Title,3,2,,,,,Este Moolman,083 268 0736; 012 348 0123,[083 268 0736](https://wa.me/27832680736),,https://www.appleproperty.co.za/results/residential/for-sale/pretoria/lynnwood-ridge/sectional-title/3165012/
buy,AP23973,2 Bedroom Townhouse For Sale in Silverton,"R990,000",Silverton,Pretoria,Townhouse,2,2,,,,,Hannelize Wilken,084 580 8700; 012 348 0123,[084 580 8700](https://wa.me/27845808700),,https://www.appleproperty.co.za/results/residential/for-sale/pretoria/silverton/townhouse/3090412/
buy,AP22721,996m2 Vacant Land For Sale in Boschkop AH,"R1,695,000",Boschkop Ah,Pretoria,Vacant Land,,,,,,"470 Boschkop Road, Boschkop AH, Pretoria",Koos Smit,082 555 4776; 012 348 0123,[082 555 4776](https://wa.me/27825554776),,https://www.appleproperty.co.za/results/residential/for-sale/pretoria/boschkop-ah/vacant-land/2182304/470-boschkop-road/
buy,AP23049,3 Bedroom Freestanding For Sale in Monument Park,"R2,750,000",Monument Park,Pretoria,Freestanding,3,2,,,,,Rina Verryne,083 269 0085; 012 348 0123,[083 269 0085](https://wa.me/27832690085),,https://www.appleproperty.co.za/results/residential/for-sale/pretoria/monument-park/freestanding/2383486/
buy,AP23281,930m2 Vacant Land For Sale in Silverwoods Country Estate,"R2,500,000",Silverwoods Country Estate,Pretoria,Vacant Land,,,,,,,,072 440 1788; 012 348 0123,[072 440 1788](https://wa.me/27724401788),,https://www.appleproperty.co.za/results/residential/for-sale/pretoria/silverwoods-country-estate/vacant-land/2718781/
buy,AP23441,3 Bedroom Freehold For Sale in Bela Bela,"R1,135,000",Bela Bela,Bela Bela,Freehold,3,2,,,,,Margaret Horton,078 331 5590; 065 851 0009,[078 331 5590](https://wa.me/27783315590); [065 851 0009](https://wa.me/27658510009),retirement,https://www.appleproperty.co.za/results/residential/for-sale/bela-bela/bela-bela/freehold/2830069/
buy,AP23507,3 Bedroom Townhouse For Sale in Silverton,"R1,350,000",Silverton,Pretoria,Townhouse,3,2,,,,,Marianne Kenny,072 456 1802; 012 348 0123,[072 456 1802](https://wa.me/27724561802),,https://www.appleproperty.co.za/results/residential/for-sale/pretoria/silverton/townhouse/2894855/
buy,AP24059,7 Bedroom House For Sale in Modimolle,"R1,790,000",Modimolle,Modimolle,House,7,3.5,,,,,,065 921 3851; 065 851 0009,[065 921 3851](https://wa.me/27659213851); [065 851 0009](https://wa.me/27658510009),,https://www.appleproperty.co.za/results/residential/for-sale/modimolle/modimolle/house/3139134/
buy,AP22767,3 Bedroom House For Sale in Mookgopong,"R1,380,000",Mookgopong,Mookgopong,House,3,2,,,,,Erinda Van Aswegen,072 542 7373,[072 542 7373](https://wa.me/27725427373),,https://www.appleproperty.co.za/results/residential/for-sale/mookgopong/mookgopong/house/2198934/
buy,AP23890,1 Bedroom Apartment For Sale in Menlyn,"R3,990,000",Menlyn,Pretoria,Apartment,1,1,,,,,Andre Sciocatti,082 930 7386; 012 348 0123,[082 930 7386](https://wa.me/27829307386),,https://www.appleproperty.co.za/results/residential/for-sale/pretoria/menlyn/apartment/3046546/
buy,AP24018,2 Bedroom Townhouse For Sale in Reyno Ridge,"R960,000",Reyno Ridge,Witbank,Townhouse,2,1,,,,,Coleen Fourie,072 428 8144; 013 590 0665,[072 428 8144](https://wa.me/27724288144),,https://www.appleproperty.co.za/results/residential/for-sale/witbank/reyno-ridge/townhouse/3117620/
buy,AP20715,1 Bedroom Apartment For Sale in Hatfield,"R950,000",Hatfield,Pretoria,Apartment,1,1,,,,"00 441 @ Kirkness, 441 Kirkness, Hatfield, Pretoria",Rita Fitzgerald,083 228 9633; 012 348 0123,[083 228 9633](https://wa.me/27832289633),,https://www.appleproperty.co.za/results/residential/for-sale/pretoria/hatfield/apartment/976222/00-441-kirkness-441-kirkness/
buy,AP22427,332.90Ha Farm For Sale in Mookgopong,"R4,250,000",Mookgopong,Mookgopong,Farm,1,1,,,,,Erinda Van Aswegen,072 542 7373,[072 542 7373](https://wa.me/27725427373),,https://www.appleproperty.co.za/results/residential/for-sale/mookgopong/mookgopong/farm/1765918/
buy,AP22236,2 Bedroom Retirement Unit For Sale in Mookgopong,"R1,270,000",Mookgopong,Mookgopong,Retirement Unit,2,2,,,,,Erinda Van Aswegen,072 542 7373,[072 542 7373](https://wa.me/27725427373),retirement,https://www.appleproperty.co.za/results/residential/for-sale/mookgopong/mookgopong/retirement-unit/1705410/
buy,AP23982,3 Bedroom Freehold For Sale in Bela Bela,"R1,699,000",Bela Bela,Bela Bela,Freehold,3,2,,,,,,065 921 3851; 065 851 0009,[065 921 3851](https://wa.me/27659213851); [065 851 0009](https://wa.me/27658510009),,https://www.appleproperty.co.za/results/residential/for-sale/bela-bela/bela-bela/freehold/3102426/
buy,AP23954,3 Bedroom Package Home For Sale in Silver Lakes,"R5,465,000",Silver Lakes,Pretoria,Package Home,3,3.5,,,,,,072 440 1788; 012 348 0123,[072 440 1788](https://wa.me/27724401788),retirement,https://www.appleproperty.co.za/results/residential/for-sale/pretoria/silver-lakes/package-home/3081324/
buy,AP23650,2 Bedroom Apartment For Sale in Pretoria Central,"R450,000",Pretoria Central,Pretoria,Apartment,2,2,,,,"98 Prestige Park Retirement Centre, 314 Scheiding, Pretoria Central, Pretoria",Vinette Smit,0826529627; 012 348 0123,[0826529627](https://wa.me/27826529627),retirement,https://www.appleproperty.co.za/results/residential/for-sale/pretoria/pretoria-central/apartment/2947455/98-prestige-park-retirement-centre-314-scheiding/
buy,AP23901,2 Bedroom House For Sale in Erasmuskloof,"R2,300,000",Erasmuskloof,Pretoria,House,2,1.5,,,,,Betsie Summerfield,083 488 4748; 012 348 0123,[083 488 4748](https://wa.me/27834884748),,https://www.appleproperty.co.za/results/residential/for-sale/pretoria/erasmuskloof/house/3050832/
buy,AP23271,889m2 Vacant Land For Sale in Silverwoods Country Estate,"R2,500,000",Silverwoods Country Estate,Pretoria,Vacant Land,,,,,,,,072 440 1788; 012 348 0123,[072 440 1788](https://wa.me/27724401788),,https://www.appleproperty.co.za/results/residential/for-sale/pretoria/silverwoods-country-estate/vacant-land/2718417/
buy,AP23961,2 Bedroom Package Home For Sale in Hazeldean,"R5,315,000",Hazeldean,Pretoria,Package Home,2,2.5,,,,,,072 440 1788; 012 348 0123,[072 440 1788](https://wa.me/27724401788),retirement,https://www.appleproperty.co.za/results/residential/for-sale/pretoria/hazeldean/package-home/3082336/
buy,AP19113,2 Bedroom Apartment For Sale in Menlyn,"R4,000,000",Menlyn,Pretoria,Apartment,2,2,,,,,Andre Sciocatti,082 930 7386; 012 348 0123,[082 930 7386](https://wa.me/27829307386),,https://www.appleproperty.co.za/results/residential/for-sale/pretoria/menlyn/apartment/850098/
buy,AP23414,7 Bedroom Freehold For Sale in Bela Bela Rural,"R3,950,000",Bela Bela Rural,Bela Bela,Freehold,7,6,,,,,Margaret Horton,078 331 5590; 065 851 0009,[078 331 5590](https://wa.me/27783315590); [065 851 0009](https://wa.me/27658510009),,https://www.appleproperty.co.za/results/residential/for-sale/bela-bela/bela-bela-rural/freehold/2803522/
buy,AP23681,9.80Ha Smallholding For Sale in Bela Bela Rural,"R970,000",Bela Bela Rural,Bela Bela,Smallholding,2,2,,,,,Margaret Horton,078 331 5590; 065 851 0009; 062 568 0285,[078 331 5590](https://wa.me/27783315590); [065 851 0009](https://wa.me/27658510009); [062 568 0285](https://wa.me/27625680285),,https://www.appleproperty.co.za/results/residential/for-sale/bela-bela/bela-bela-rural/smallholding/2961661/
buy,AP23040,6.10Ha Smallholding For Sale in Bela Bela Rural,"R2,550,000",Bela Bela Rural,Bela Bela,Smallholding,9,5,,,,,Margaret Horton,078 331 5590; 065 851 0009,[078 331 5590](https://wa.me/27783315590); [065 851 0009](https://wa.me/27658510009),,https://www.appleproperty.co.za/results/residential/for-sale/bela-bela/bela-bela-rural/smallholding/2381926/
buy,AP23959,2 Bedroom Package Home For Sale in Silver Lakes,"R4,365,000",Silver Lakes,Pretoria,Package Home,2,2.5,,,,,,072 440 1788; 012 348 0123,[072 440 1788](https://wa.me/27724401788),retirement,https://www.appleproperty.co.za/results/residential/for-sale/pretoria/silver-lakes/package-home/3082233/
buy,AP23900,5 Bedroom House For Sale in Blue Valley Golf Estate,"R9,450,000",Blue Valley Golf Estate,Centurion,House,5,5,,,,"1937 Manikie Street, Blue Valley Golf Estate, Centurion",Shogan Naidoo,072 430 6757,[072 430 6757](https://wa.me/27724306757),,https://www.appleproperty.co.za/results/residential/for-sale/centurion/blue-valley-golf-estate/house/3050177/1937-manikie-street/
